model_key,N,question_type,answer,ground_truth,label,sub_label,ambiguous
llama,2,person_timestep_lookup,4,2,single_transfer,doubled,False
llama,2,person_timestep_lookup,19,8,unexplained,,False
llama,2,trajectory,10,4,single_transfer,missed,False
llama,2,person_timestep_lookup,6,8,single_transfer,missed,False
llama,2,trajectory,4,2,single_transfer,missed,False
llama,2,trajectory,8,0,single_transfer,sign_flipped,False
llama,2,person_timestep_lookup,2,3,single_transfer,doubled,False
llama,2,trajectory,9,7,single_transfer,missed,False
llama,2,person_timestep_lookup,0,1,single_transfer,missed,False
llama,2,trajectory,1,0,single_transfer,missed,False
llama,2,person_timestep_lookup,9,6,wrong_timestep,missed,True
llama,2,trajectory,1,4,wrong_timestep,missed,True
llama,2,person_timestep_lookup,8,10,wrong_timestep,sign_flipped,True
llama,2,trajectory,2,0,wrong_timestep,sign_flipped,True
llama,2,person_timestep_lookup,5,10,stale,missed,True
llama,2,person_timestep_lookup,9,3,wrong_timestep,missed,True
llama,2,person_timestep_lookup,2,0,single_transfer,sign_flipped,False
llama,2,trajectory,2,0,single_transfer,sign_flipped,False
llama,2,person_timestep_lookup,3,2,single_transfer,missed,False
llama,2,trajectory,9,10,single_transfer,missed,False
llama,2,trajectory,10,8,wrong_timestep,doubled,True
llama,2,person_timestep_lookup,10,3,single_transfer,missed,False
llama,2,trajectory,14,3,unexplained,,False
llama,2,person_timestep_lookup,1,0,single_transfer,missed,False
llama,2,trajectory,11,4,unexplained,,False
llama,2,person_timestep_lookup,1,5,unexplained,,False
llama,2,trajectory,14,0,unexplained,,False
llama,2,person_timestep_lookup,8,9,single_transfer,doubled,False
llama,2,trajectory,0,1,single_transfer,missed,False
llama,2,person_timestep_lookup,13,8,single_transfer,missed,False
llama,2,trajectory,8,3,wrong_timestep,missed,True
llama,2,person_timestep_lookup,3,10,single_transfer,missed,False
llama,2,trajectory,10,4,single_transfer,missed,False
llama,2,person_timestep_lookup,10,4,single_transfer,missed,False
llama,2,trajectory,10,4,single_transfer,missed,False
llama,2,person_timestep_lookup,7,9,unexplained,,False
llama,2,trajectory,3,2,single_transfer,missed,False
llama,2,person_timestep_lookup,3,4,wrong_timestep,,False
llama,2,trajectory,6,4,stale,,True
llama,2,trajectory,13,10,single_transfer,missed,False
llama,4,person_timestep_lookup,10,8,unexplained,,False
llama,4,trajectory,2,4,stale,missed,True
llama,4,person_timestep_lookup,2,5,stale,,True
llama,4,trajectory,3,0,stale,missed,True
llama,4,person_timestep_lookup,1,5,single_transfer,doubled,False
llama,4,trajectory,2,9,wrong_person,missed,True
llama,4,person_timestep_lookup,5,1,wrong_person,missed,True
llama,4,trajectory,1,2,wrong_person,missed,True
llama,4,person_timestep_lookup,16,10,wrong_timestep,,False
llama,4,trajectory,2,4,stale,doubled,True
llama,4,person_timestep_lookup,2,3,wrong_timestep,missed,True
llama,4,trajectory,2,3,wrong_person,missed,True
llama,4,person_timestep_lookup,4,3,single_transfer,missed,False
llama,4,trajectory,4,7,single_transfer,missed,False
llama,4,trajectory,11,4,stale,,True
llama,4,person_timestep_lookup,7,4,stale,missed,True
llama,4,person_timestep_lookup,9,5,single_transfer,missed,False
llama,4,trajectory,3,6,single_transfer,missed,False
llama,4,person_timestep_lookup,6,2,stale,,True
llama,4,trajectory,21,10,unexplained,,False
llama,4,person_timestep_lookup,3,1,unexplained,,False
llama,4,trajectory,1,2,single_transfer,missed,False
llama,4,trajectory,1,0,stale,missed,True
llama,4,trajectory,6,7,single_transfer,missed,False
llama,4,trajectory,1,0,stale,doubled,True
llama,4,person_timestep_lookup,1,0,stale,missed,True
llama,4,trajectory,1,0,stale,missed,True
llama,4,trajectory,2,0,wrong_timestep,missed,True
llama,4,person_timestep_lookup,8,5,single_transfer,doubled,False
llama,4,trajectory,4,1,stale,missed,True
llama,4,trajectory,6,5,single_transfer,missed,False
llama,4,person_timestep_lookup,1,5,wrong_timestep,,False
llama,4,trajectory,2,1,stale,missed,True
llama,4,trajectory,4,8,stale,missed,True
llama,4,person_timestep_lookup,3,1,stale,,True
llama,4,trajectory,0,14,wrong_timestep,missed,True
llama,4,person_timestep_lookup,7,8,wrong_timestep,missed,True
llama,4,trajectory,11,10,single_transfer,missed,False
llama,4,person_timestep_lookup,6,5,unexplained,,False
llama,4,trajectory,2,1,wrong_timestep,missed,True
llama,4,person_timestep_lookup,7,12,stale,,True
llama,4,trajectory,7,12,stale,,True
llama,4,person_timestep_lookup,0,12,wrong_person,missed,True
llama,4,trajectory,5,9,wrong_person,missed,True
llama,4,person_timestep_lookup,23,3,unexplained,,False
llama,4,trajectory,0,7,wrong_timestep,,False
llama,4,person_timestep_lookup,5,12,wrong_timestep,,False
llama,4,trajectory,5,2,wrong_person,missed,True
llama,4,person_timestep_lookup,3,5,single_transfer,doubled,False
llama,4,trajectory,5,1,wrong_timestep,missed,True
llama,4,person_timestep_lookup,3,4,stale,doubled,True
llama,6,person_timestep_lookup,9,0,unexplained,,False
llama,6,trajectory,9,11,single_transfer,missed,False
llama,6,trajectory,2,5,wrong_person,missed,True
llama,6,person_timestep_lookup,7,14,unexplained,,False
llama,6,trajectory,6,13,stale,,True
llama,6,person_timestep_lookup,3,0,wrong_person,,False
llama,6,trajectory,6,8,stale,doubled,True
llama,6,person_timestep_lookup,5,2,single_transfer,missed,False
llama,6,trajectory,5,6,single_transfer,doubled,False
llama,6,trajectory,2,0,wrong_person,sign_flipped,True
llama,6,person_timestep_lookup,13,10,wrong_timestep,missed,True
llama,6,trajectory,4,2,stale,,True
llama,6,person_timestep_lookup,2,7,wrong_person,,True
llama,6,person_timestep_lookup,8,1,stale,,True
llama,6,trajectory,12,5,unexplained,,False
llama,6,person_timestep_lookup,5,0,wrong_person,,True
llama,6,trajectory,1,12,stale,,True
llama,6,person_timestep_lookup,15,14,wrong_timestep,missed,True
llama,6,trajectory,3,7,stale,missed,True
llama,6,trajectory,2,1,single_transfer,missed,False
llama,6,person_timestep_lookup,5,17,stale,,True
llama,6,trajectory,1,3,wrong_person,missed,True
llama,6,person_timestep_lookup,2,3,wrong_person,doubled,True
llama,6,person_timestep_lookup,27,11,unexplained,,False
llama,6,trajectory,1,3,wrong_person,missed,True
llama,6,person_timestep_lookup,5,0,wrong_person,missed,True
llama,6,trajectory,9,5,unexplained,,False
llama,6,person_timestep_lookup,5,11,wrong_person,missed,True
llama,6,trajectory,0,6,single_transfer,missed,False
llama,6,person_timestep_lookup,1,8,stale,missed,True
llama,6,trajectory,3,8,wrong_person,missed,True
llama,6,person_timestep_lookup,2,5,single_transfer,missed,False
llama,6,trajectory,7,2,wrong_timestep,,False
llama,6,person_timestep_lookup,7,4,unexplained,,False
llama,6,trajectory,13,14,wrong_timestep,missed,True
llama,6,person_timestep_lookup,8,10,single_transfer,sign_flipped,False
llama,6,trajectory,9,0,stale,missed,True
llama,6,person_timestep_lookup,7,0,wrong_timestep,doubled,True
llama,6,trajectory,1,7,unexplained,,False
llama,6,person_timestep_lookup,14,0,single_transfer,doubled,False
llama,6,trajectory,2,0,stale,missed,True
llama,6,person_timestep_lookup,5,3,stale,,True
llama,6,trajectory,2,5,wrong_timestep,,False
llama,6,person_timestep_lookup,9,3,stale,,True
llama,6,trajectory,0,2,single_transfer,missed,False
llama,6,person_timestep_lookup,10,3,wrong_timestep,missed,True
llama,6,trajectory,2,1,wrong_timestep,doubled,True
llama,6,person_timestep_lookup,4,0,wrong_timestep,doubled,True
llama,6,trajectory,4,5,stale,missed,True
llama,6,person_timestep_lookup,1,2,single_transfer,doubled,False
llama,6,trajectory,5,6,single_transfer,missed,False
llama,6,trajectory,12,7,single_transfer,missed,False
llama,8,person_timestep_lookup,1,5,wrong_person,missed,True
llama,8,trajectory,7,0,stale,,True
llama,8,person_timestep_lookup,10,2,single_transfer,missed,False
llama,8,trajectory,2,0,stale,sign_flipped,True
llama,8,person_timestep_lookup,4,0,unexplained,,False
llama,8,trajectory,2,6,unexplained,,False
llama,8,person_timestep_lookup,3,0,stale,missed,True
llama,8,trajectory,8,7,wrong_person,doubled,True
llama,8,person_timestep_lookup,1,0,single_transfer,missed,False
llama,8,trajectory,4,19,stale,,True
llama,8,person_timestep_lookup,4,8,wrong_timestep,,False
llama,8,trajectory,6,4,stale,missed,True
llama,8,person_timestep_lookup,15,1,unexplained,,False
llama,8,trajectory,3,0,stale,missed,True
llama,8,person_timestep_lookup,3,8,stale,,True
llama,8,trajectory,2,3,wrong_person,doubled,True
llama,8,trajectory,10,6,single_transfer,doubled,False
llama,8,person_timestep_lookup,1,3,stale,,True
llama,8,trajectory,5,12,unexplained,,False
llama,8,person_timestep_lookup,1,2,single_transfer,doubled,False
llama,8,trajectory,4,3,stale,missed,True
llama,8,person_timestep_lookup,8,9,single_transfer,missed,False
llama,8,trajectory,5,2,stale,missed,True
llama,8,person_timestep_lookup,8,12,stale,missed,True
llama,8,trajectory,11,12,stale,missed,True
llama,8,person_timestep_lookup,5,8,single_transfer,missed,False
llama,8,trajectory,8,0,stale,missed,True
llama,8,person_timestep_lookup,11,1,wrong_timestep,sign_flipped,True
llama,8,trajectory,4,1,stale,,True
llama,8,person_timestep_lookup,11,8,single_transfer,missed,False
llama,8,trajectory,4,1,stale,missed,True
llama,8,person_timestep_lookup,1,0,stale,missed,True
llama,8,person_timestep_lookup,3,0,stale,,True
llama,8,trajectory,10,9,wrong_timestep,,False
llama,8,person_timestep_lookup,5,8,unexplained,,False
llama,8,trajectory,2,0,stale,missed,True
llama,8,person_timestep_lookup,1,2,stale,doubled,True
llama,8,trajectory,1,0,stale,missed,True
llama,8,person_timestep_lookup,0,5,wrong_person,missed,True
llama,8,person_timestep_lookup,5,14,unexplained,,False
llama,8,trajectory,3,0,stale,missed,True
llama,8,person_timestep_lookup,0,9,wrong_person,,True
llama,8,person_timestep_lookup,2,1,wrong_timestep,missed,True
llama,8,trajectory,4,5,stale,,True
llama,8,person_timestep_lookup,3,13,wrong_timestep,missed,True
llama,8,trajectory,2,1,wrong_timestep,missed,True
llama,8,person_timestep_lookup,1,10,wrong_person,,False
llama,8,trajectory,11,9,stale,missed,True
llama,8,person_timestep_lookup,5,7,stale,missed,True
llama,8,trajectory,12,17,wrong_timestep,missed,True
llama,8,person_timestep_lookup,4,0,single_transfer,missed,False
llama,8,trajectory,1,0,stale,missed,True
llama,8,person_timestep_lookup,0,15,wrong_person,,False
llama,8,trajectory,5,9,wrong_person,sign_flipped,True
llama,8,person_timestep_lookup,19,0,wrong_person,,False
llama,8,trajectory,6,3,stale,,True
llama,10,person_timestep_lookup,3,0,stale,doubled,True
llama,10,trajectory,3,0,stale,doubled,True
llama,10,person_timestep_lookup,44,22,unexplained,,False
llama,10,trajectory,2,3,stale,missed,True
llama,10,person_timestep_lookup,16,14,single_transfer,sign_flipped,False
llama,10,trajectory,2,0,stale,missed,True
llama,10,person_timestep_lookup,5,9,wrong_person,sign_flipped,True
llama,10,trajectory,7,5,wrong_timestep,doubled,True
llama,10,person_timestep_lookup,2,4,wrong_person,sign_flipped,True
llama,10,trajectory,2,13,wrong_timestep,missed,True
llama,10,person_timestep_lookup,0,1,wrong_timestep,doubled,True
llama,10,trajectory,6,9,stale,missed,True
llama,10,trajectory,1,0,stale,missed,True
llama,10,person_timestep_lookup,10,12,single_transfer,doubled,False
llama,10,trajectory,5,3,stale,missed,True
llama,10,person_timestep_lookup,6,8,stale,,True
llama,10,trajectory,7,10,wrong_timestep,missed,True
llama,10,person_timestep_lookup,1,0,stale,missed,True
llama,10,trajectory,13,23,wrong_timestep,,False
llama,10,person_timestep_lookup,11,4,wrong_timestep,,False
llama,10,trajectory,3,2,wrong_person,missed,True
llama,10,person_timestep_lookup,7,2,stale,missed,True
llama,10,trajectory,8,9,stale,missed,True
llama,10,person_timestep_lookup,25,12,unexplained,,False
llama,10,trajectory,4,3,stale,missed,True
llama,10,person_timestep_lookup,4,7,stale,missed,True
llama,10,person_timestep_lookup,4,5,single_transfer,doubled,False
llama,10,trajectory,1,2,stale,doubled,True
llama,10,person_timestep_lookup,0,13,wrong_person,,True
llama,10,trajectory,1,0,wrong_person,missed,True
llama,10,person_timestep_lookup,6,1,wrong_person,,False
llama,10,trajectory,7,11,stale,missed,True
llama,10,person_timestep_lookup,8,11,stale,,True
llama,10,trajectory,3,0,wrong_person,,False
llama,10,person_timestep_lookup,16,3,unexplained,,False
llama,10,trajectory,1,3,stale,,True
llama,10,person_timestep_lookup,0,7,wrong_person,,False
llama,10,trajectory,6,5,wrong_person,,False
llama,10,person_timestep_lookup,9,5,single_transfer,sign_flipped,False
llama,10,trajectory,3,0,stale,missed,True
llama,10,person_timestep_lookup,3,2,stale,missed,True
llama,10,trajectory,5,6,wrong_person,missed,True
llama,10,trajectory,2,6,stale,missed,True
llama,10,person_timestep_lookup,11,3,single_transfer,sign_flipped,False
llama,10,person_timestep_lookup,11,8,stale,,True
llama,10,person_timestep_lookup,7,2,single_transfer,missed,False
llama,10,trajectory,1,14,wrong_person,,True
llama,10,person_timestep_lookup,4,3,wrong_timestep,,False
llama,10,trajectory,6,9,stale,,True
llama,10,person_timestep_lookup,1,0,wrong_person,doubled,True
llama,10,trajectory,4,2,stale,missed,True
llama,12,person_timestep_lookup,5,6,wrong_timestep,missed,True
llama,12,person_timestep_lookup,5,2,wrong_person,missed,True
llama,12,person_timestep_lookup,10,3,wrong_timestep,missed,True
llama,12,person_timestep_lookup,11,1,wrong_timestep,,False
llama,12,person_timestep_lookup,5,3,wrong_timestep,sign_flipped,True
llama,12,trajectory,3,5,single_transfer,sign_flipped,False
llama,12,person_timestep_lookup,4,7,wrong_timestep,doubled,True
llama,12,trajectory,4,10,stale,,True
llama,12,person_timestep_lookup,25,14,unexplained,,False
llama,12,trajectory,4,0,stale,missed,True
llama,12,person_timestep_lookup,4,1,wrong_person,,False
llama,12,trajectory,0,4,wrong_timestep,missed,True
llama,12,person_timestep_lookup,11,0,wrong_person,,False
llama,12,person_timestep_lookup,0,6,wrong_person,sign_flipped,True
llama,12,person_timestep_lookup,10,9,single_transfer,doubled,False
llama,12,person_timestep_lookup,1,0,stale,doubled,True
llama,12,trajectory,15,16,stale,missed,True
llama,12,person_timestep_lookup,4,0,stale,sign_flipped,True
llama,12,person_timestep_lookup,1,5,wrong_person,,True
llama,12,trajectory,4,17,stale,,True
llama,12,person_timestep_lookup,4,3,wrong_person,missed,True
llama,12,trajectory,5,13,wrong_person,missed,True
llama,12,person_timestep_lookup,20,9,unexplained,,False
llama,12,trajectory,8,6,unexplained,,False
llama,12,person_timestep_lookup,0,5,wrong_person,doubled,True
llama,12,trajectory,5,0,wrong_person,missed,True
llama,12,person_timestep_lookup,1,9,unexplained,,False
llama,12,trajectory,5,1,stale,missed,True
llama,12,person_timestep_lookup,21,14,single_transfer,doubled,False
llama,12,person_timestep_lookup,1,0,stale,,True
llama,12,person_timestep_lookup,18,12,stale,,True
llama,12,person_timestep_lookup,1,0,stale,missed,True
llama,12,trajectory,6,2,unexplained,,False
llama,12,person_timestep_lookup,1,0,stale,missed,True
llama,12,trajectory,2,1,stale,doubled,True
llama,12,person_timestep_lookup,8,21,stale,,True
llama,12,trajectory,1,4,stale,,True
llama,12,person_timestep_lookup,14,9,wrong_timestep,,False
llama,12,trajectory,12,6,stale,,True
llama,12,trajectory,8,9,wrong_timestep,missed,True
llama,12,person_timestep_lookup,16,2,single_transfer,sign_flipped,False
llama,12,trajectory,2,3,stale,doubled,True
llama,12,person_timestep_lookup,25,6,unexplained,,False
llama,12,trajectory,3,0,wrong_person,missed,True
llama,12,person_timestep_lookup,2,1,stale,doubled,True
llama,12,trajectory,3,1,stale,missed,True
llama,12,person_timestep_lookup,8,10,wrong_timestep,,False
llama,12,trajectory,3,0,wrong_person,missed,True
llama,16,person_timestep_lookup,10,1,wrong_timestep,,False
llama,16,person_timestep_lookup,2,4,wrong_person,doubled,True
llama,16,trajectory,8,0,stale,missed,True
llama,16,trajectory,2,1,wrong_timestep,doubled,True
llama,16,person_timestep_lookup,5,11,wrong_person,,True
llama,16,trajectory,9,14,stale,,True
llama,16,person_timestep_lookup,1,9,stale,,True
llama,16,person_timestep_lookup,6,4,wrong_person,doubled,True
llama,16,person_timestep_lookup,10,7,unexplained,,False
llama,16,trajectory,16,17,stale,doubled,True
llama,16,person_timestep_lookup,10,3,wrong_timestep,missed,True
llama,16,trajectory,6,2,wrong_timestep,missed,True
llama,16,person_timestep_lookup,11,6,single_transfer,doubled,False
llama,16,trajectory,18,8,wrong_timestep,missed,True
llama,16,person_timestep_lookup,7,22,unexplained,,False
llama,16,person_timestep_lookup,13,1,wrong_timestep,sign_flipped,True
llama,16,trajectory,3,1,wrong_timestep,doubled,True
llama,16,person_timestep_lookup,13,8,single_transfer,missed,False
llama,16,trajectory,2,0,wrong_person,sign_flipped,True
llama,16,person_timestep_lookup,0,2,wrong_person,missed,True
llama,16,trajectory,1,7,stale,,True
llama,16,person_timestep_lookup,6,2,wrong_person,sign_flipped,True
llama,16,trajectory,6,5,wrong_timestep,missed,True
llama,16,person_timestep_lookup,4,0,stale,,True
llama,16,person_timestep_lookup,3,4,stale,doubled,True
llama,16,trajectory,2,1,stale,doubled,True
llama,16,person_timestep_lookup,5,0,wrong_person,,True
llama,16,trajectory,2,9,wrong_person,missed,True
llama,16,person_timestep_lookup,4,6,stale,missed,True
llama,16,person_timestep_lookup,5,10,single_transfer,doubled,False
llama,16,trajectory,17,6,wrong_timestep,missed,True
llama,16,person_timestep_lookup,4,16,stale,,True
llama,16,trajectory,4,8,wrong_person,sign_flipped,True
llama,16,person_timestep_lookup,7,5,single_transfer,missed,False
llama,16,trajectory,8,16,wrong_person,missed,True
llama,16,person_timestep_lookup,21,11,single_transfer,sign_flipped,False
llama,16,trajectory,6,4,stale,,True
llama,16,person_timestep_lookup,2,3,stale,doubled,True
llama,16,trajectory,2,10,stale,missed,True
llama,16,person_timestep_lookup,10,6,wrong_timestep,sign_flipped,True
llama,16,trajectory,10,3,wrong_person,,False
llama,16,person_timestep_lookup,11,8,unexplained,,False
llama,16,trajectory,13,4,single_transfer,missed,False
llama,16,person_timestep_lookup,5,1,wrong_person,missed,True
llama,16,trajectory,1,3,stale,missed,True
llama,20,person_timestep_lookup,5,0,wrong_person,doubled,True
llama,20,trajectory,17,20,stale,missed,True
llama,20,person_timestep_lookup,5,9,stale,missed,True
llama,20,trajectory,8,21,unexplained,,False
llama,20,person_timestep_lookup,4,2,single_transfer,sign_flipped,False
llama,20,trajectory,7,6,wrong_person,missed,True
llama,20,person_timestep_lookup,6,19,stale,,True
llama,20,trajectory,7,4,stale,missed,True
llama,20,person_timestep_lookup,5,11,unexplained,,False
llama,20,person_timestep_lookup,11,2,unexplained,,False
llama,20,person_timestep_lookup,3,5,stale,missed,True
llama,20,trajectory,7,5,wrong_timestep,,False
llama,20,person_timestep_lookup,0,32,wrong_person,,True
llama,20,trajectory,9,8,wrong_timestep,,False
llama,20,person_timestep_lookup,0,1,wrong_person,missed,True
llama,20,trajectory,4,0,stale,,True
llama,20,person_timestep_lookup,2,0,stale,sign_flipped,True
llama,20,trajectory,3,6,wrong_person,,False
llama,20,person_timestep_lookup,4,0,wrong_person,missed,True
llama,20,trajectory,16,0,stale,,True
llama,20,person_timestep_lookup,7,1,single_transfer,sign_flipped,False
llama,20,trajectory,2,1,stale,doubled,True
llama,20,person_timestep_lookup,3,9,stale,missed,True
llama,20,person_timestep_lookup,4,13,wrong_person,doubled,True
llama,20,trajectory,9,3,stale,,True
llama,20,person_timestep_lookup,7,0,single_transfer,missed,False
llama,20,person_timestep_lookup,1,26,wrong_person,,True
llama,20,trajectory,1,0,wrong_person,missed,True
llama,20,person_timestep_lookup,16,3,wrong_person,,False
llama,20,person_timestep_lookup,0,19,wrong_person,,True
llama,20,trajectory,21,22,wrong_timestep,missed,True
llama,20,person_timestep_lookup,5,2,stale,doubled,True
llama,20,trajectory,3,7,stale,missed,True
llama,20,person_timestep_lookup,6,16,wrong_person,sign_flipped,True
llama,20,person_timestep_lookup,5,4,stale,,True
llama,20,trajectory,17,20,stale,missed,True
llama,20,person_timestep_lookup,4,9,wrong_person,,True
llama,20,trajectory,1,0,stale,missed,True
llama,20,person_timestep_lookup,4,7,wrong_person,,True
llama,20,trajectory,11,7,stale,,True
llama,20,trajectory,16,7,stale,missed,True
llama,20,person_timestep_lookup,0,1,wrong_person,missed,True
llama,20,trajectory,2,4,stale,missed,True
llama,20,person_timestep_lookup,2,8,stale,sign_flipped,True
llama,20,person_timestep_lookup,10,13,unexplained,,False
llama,24,person_timestep_lookup,2,4,stale,doubled,True
llama,24,trajectory,5,0,wrong_person,,False
llama,24,person_timestep_lookup,5,1,wrong_person,missed,True
llama,24,trajectory,5,12,wrong_person,missed,True
llama,24,person_timestep_lookup,4,3,wrong_person,missed,True
llama,24,person_timestep_lookup,8,0,single_transfer,doubled,False
llama,24,person_timestep_lookup,20,11,single_transfer,doubled,False
llama,24,person_timestep_lookup,19,14,unexplained,,False
llama,24,trajectory,1,3,stale,sign_flipped,True
llama,24,person_timestep_lookup,13,6,stale,,True
llama,24,trajectory,4,3,stale,,True
llama,24,person_timestep_lookup,6,0,wrong_person,missed,True
llama,24,person_timestep_lookup,10,4,single_transfer,sign_flipped,False
llama,24,trajectory,4,1,stale,,True
llama,24,person_timestep_lookup,6,0,wrong_person,missed,True
llama,24,person_timestep_lookup,19,9,unexplained,,False
llama,24,person_timestep_lookup,3,12,stale,,True
llama,24,person_timestep_lookup,7,2,wrong_person,,False
llama,24,person_timestep_lookup,34,16,single_transfer,sign_flipped,False
llama,24,trajectory,2,0,wrong_person,sign_flipped,True
llama,24,person_timestep_lookup,1,0,stale,missed,True
llama,24,trajectory,18,4,wrong_person,,False
llama,24,person_timestep_lookup,9,0,wrong_person,doubled,True
llama,24,trajectory,9,10,wrong_timestep,missed,True
llama,24,person_timestep_lookup,3,2,stale,doubled,True
llama,24,person_timestep_lookup,14,3,single_transfer,doubled,False
llama,24,trajectory,0,4,wrong_person,missed,True
llama,24,person_timestep_lookup,10,8,single_transfer,sign_flipped,False
llama,24,person_timestep_lookup,1,0,stale,doubled,True
llama,24,trajectory,2,0,wrong_person,missed,True
llama,24,person_timestep_lookup,4,9,wrong_person,doubled,True
llama,24,person_timestep_lookup,14,0,unexplained,,False
llama,24,person_timestep_lookup,2,0,stale,missed,True
llama,24,trajectory,4,1,wrong_person,,True
llama,24,person_timestep_lookup,8,5,single_transfer,missed,False
llama,24,person_timestep_lookup,0,3,wrong_person,missed,True
llama,24,trajectory,2,1,wrong_person,missed,True
llama,24,person_timestep_lookup,1,4,stale,,True
llama,24,trajectory,5,6,wrong_person,,False
llama,24,person_timestep_lookup,11,0,wrong_timestep,missed,True
llama,24,person_timestep_lookup,2,0,stale,sign_flipped,True
llama,24,person_timestep_lookup,4,0,wrong_person,sign_flipped,True
llama,30,person_timestep_lookup,5,4,wrong_person,missed,True
llama,30,person_timestep_lookup,8,6,wrong_person,sign_flipped,True
llama,30,trajectory,3,1,wrong_person,sign_flipped,True
llama,30,person_timestep_lookup,4,1,stale,missed,True
llama,30,person_timestep_lookup,28,33,stale,missed,True
llama,30,person_timestep_lookup,0,10,wrong_person,sign_flipped,True
llama,30,person_timestep_lookup,12,8,stale,sign_flipped,True
llama,30,person_timestep_lookup,5,0,wrong_timestep,doubled,True
llama,30,person_timestep_lookup,7,0,wrong_person,missed,True
llama,30,person_timestep_lookup,1,0,wrong_person,missed,True
llama,30,person_timestep_lookup,1,3,stale,sign_flipped,True
llama,30,trajectory,14,16,wrong_timestep,missed,True
llama,30,person_timestep_lookup,19,7,single_transfer,sign_flipped,False
llama,30,person_timestep_lookup,19,1,single_transfer,sign_flipped,False
llama,30,person_timestep_lookup,7,5,wrong_person,sign_flipped,True
llama,30,person_timestep_lookup,5,0,wrong_person,doubled,True
llama,30,person_timestep_lookup,1,0,stale,doubled,True
llama,30,person_timestep_lookup,7,0,stale,missed,True
llama,30,person_timestep_lookup,1,6,stale,missed,True
llama,30,person_timestep_lookup,2,3,stale,doubled,True
llama,30,person_timestep_lookup,34,7,unexplained,,False
llama,30,person_timestep_lookup,0,2,wrong_person,sign_flipped,True
llama,30,person_timestep_lookup,22,6,stale,,True
llama,30,person_timestep_lookup,0,1,wrong_person,missed,True
llama,30,person_timestep_lookup,1,0,stale,missed,True
llama,30,trajectory,16,0,unexplained,,False
llama,30,person_timestep_lookup,11,0,unexplained,,False
llama,30,person_timestep_lookup,10,6,wrong_person,sign_flipped,True
llama,30,person_timestep_lookup,3,5,stale,missed,True
llama,30,person_timestep_lookup,0,8,wrong_person,sign_flipped,True
mistral,2,person_timestep_lookup,0,2,wrong_timestep,missed,True
mistral,2,trajectory,0,2,wrong_timestep,missed,True
mistral,2,person_timestep_lookup,5,8,unexplained,,False
mistral,2,trajectory,3,4,single_transfer,missed,False
mistral,2,person_timestep_lookup,6,8,single_transfer,missed,False
mistral,2,trajectory,12,2,unexplained,,False
mistral,2,trajectory,4,3,wrong_timestep,missed,True
mistral,2,person_timestep_lookup,7,4,stale,missed,True
mistral,2,trajectory,7,6,unexplained,,False
mistral,2,person_timestep_lookup,2,3,single_transfer,doubled,False
mistral,2,person_timestep_lookup,9,1,wrong_person,,False
mistral,2,trajectory,3,0,unexplained,,False
mistral,2,person_timestep_lookup,9,6,wrong_timestep,missed,True
mistral,2,trajectory,1,4,wrong_timestep,missed,True
mistral,2,person_timestep_lookup,7,10,stale,,True
mistral,2,trajectory,2,0,wrong_timestep,sign_flipped,True
mistral,2,person_timestep_lookup,5,9,stale,missed,True
mistral,2,trajectory,4,6,wrong_person,,False
mistral,2,person_timestep_lookup,5,10,stale,missed,True
mistral,2,trajectory,0,10,wrong_person,sign_flipped,True
mistral,2,person_timestep_lookup,0,3,single_transfer,missed,False
mistral,2,person_timestep_lookup,5,6,stale,missed,True
mistral,2,trajectory,4,5,single_transfer,missed,False
mistral,2,person_timestep_lookup,2,0,stale,missed,True
mistral,2,person_timestep_lookup,2,0,single_transfer,sign_flipped,False
mistral,2,trajectory,1,0,stale,missed,True
mistral,2,person_timestep_lookup,1,2,single_transfer,doubled,False
mistral,2,trajectory,9,10,single_transfer,missed,False
mistral,2,trajectory,6,8,single_transfer,missed,False
mistral,2,person_timestep_lookup,14,3,unexplained,,False
mistral,2,trajectory,14,3,unexplained,,False
mistral,2,trajectory,11,4,unexplained,,False
mistral,2,person_timestep_lookup,3,5,single_transfer,doubled,False
mistral,2,trajectory,20,0,single_transfer,sign_flipped,False
mistral,2,person_timestep_lookup,8,9,single_transfer,doubled,False
mistral,2,trajectory,0,1,single_transfer,missed,False
mistral,2,person_timestep_lookup,17,8,unexplained,,False
mistral,2,trajectory,12,3,unexplained,,False
mistral,2,person_timestep_lookup,3,10,single_transfer,missed,False
mistral,2,person_timestep_lookup,8,9,stale,missed,True
mistral,2,person_timestep_lookup,7,4,stale,doubled,True
mistral,2,person_timestep_lookup,6,4,stale,,True
mistral,2,trajectory,2,4,unexplained,,False
mistral,2,person_timestep_lookup,5,9,unexplained,,False
mistral,2,trajectory,5,2,unexplained,,False
mistral,2,trajectory,11,9,unexplained,,False
mistral,2,person_timestep_lookup,0,4,single_transfer,missed,False
mistral,2,person_timestep_lookup,8,10,stale,missed,True
mistral,4,person_timestep_lookup,15,8,single_transfer,missed,False
mistral,4,trajectory,2,4,stale,missed,True
mistral,4,person_timestep_lookup,2,5,stale,,True
mistral,4,trajectory,3,9,stale,,True
mistral,4,person_timestep_lookup,0,5,wrong_person,,False
mistral,4,trajectory,2,9,wrong_person,missed,True
mistral,4,person_timestep_lookup,5,1,wrong_person,missed,True
mistral,4,trajectory,6,2,stale,,True
mistral,4,person_timestep_lookup,11,10,unexplained,,False
mistral,4,trajectory,2,0,stale,missed,True
mistral,4,person_timestep_lookup,2,3,wrong_timestep,missed,True
mistral,4,trajectory,1,2,stale,missed,True
mistral,4,person_timestep_lookup,4,3,single_transfer,missed,False
mistral,4,trajectory,10,5,unexplained,,False
mistral,4,trajectory,20,2,single_transfer,sign_flipped,False
mistral,4,person_timestep_lookup,7,4,stale,missed,True
mistral,4,trajectory,7,5,stale,,True
mistral,4,person_timestep_lookup,12,5,unexplained,,False
mistral,4,trajectory,1,6,stale,,True
mistral,4,person_timestep_lookup,9,2,unexplained,,False
mistral,4,trajectory,7,8,stale,missed,True
mistral,4,person_timestep_lookup,10,1,wrong_person,,False
mistral,4,trajectory,8,7,unexplained,,False
mistral,4,person_timestep_lookup,5,4,wrong_timestep,missed,True
mistral,4,trajectory,2,0,single_transfer,sign_flipped,False
mistral,4,person_timestep_lookup,9,5,single_transfer,sign_flipped,False
mistral,4,trajectory,6,7,single_transfer,missed,False
mistral,4,trajectory,7,0,wrong_person,missed,True
mistral,4,person_timestep_lookup,1,0,stale,missed,True
mistral,4,trajectory,1,16,stale,,True
mistral,4,person_timestep_lookup,4,1,unexplained,,False
mistral,4,trajectory,3,2,wrong_timestep,doubled,True
mistral,4,person_timestep_lookup,10,5,stale,,True
mistral,4,trajectory,1,2,wrong_timestep,missed,True
mistral,4,person_timestep_lookup,4,5,stale,doubled,True
mistral,4,trajectory,8,5,unexplained,,False
mistral,4,person_timestep_lookup,3,5,wrong_timestep,,False
mistral,4,trajectory,1,0,wrong_person,missed,True
mistral,4,person_timestep_lookup,2,1,unexplained,,False
mistral,4,trajectory,10,6,wrong_person,doubled,True
mistral,4,person_timestep_lookup,2,1,wrong_person,doubled,True
mistral,4,trajectory,0,14,wrong_timestep,missed,True
mistral,4,person_timestep_lookup,10,8,stale,,True
mistral,4,trajectory,11,10,single_transfer,missed,False
mistral,4,person_timestep_lookup,13,5,stale,,True
mistral,4,trajectory,6,1,unexplained,,False
mistral,4,person_timestep_lookup,7,12,stale,,True
mistral,4,trajectory,9,12,single_transfer,missed,False
mistral,4,person_timestep_lookup,14,12,single_transfer,sign_flipped,False
mistral,4,trajectory,5,9,wrong_person,missed,True
mistral,4,person_timestep_lookup,13,3,single_transfer,sign_flipped,False
mistral,4,trajectory,6,7,single_transfer,doubled,False
mistral,4,person_timestep_lookup,6,12,stale,,True
mistral,4,trajectory,3,2,single_transfer,doubled,False
mistral,4,person_timestep_lookup,1,5,wrong_timestep,doubled,True
mistral,4,trajectory,5,1,wrong_timestep,missed,True
mistral,4,person_timestep_lookup,1,4,wrong_person,,True
mistral,4,trajectory,2,7,unexplained,,False
mistral,6,person_timestep_lookup,17,3,stale,missed,True
mistral,6,trajectory,4,5,wrong_timestep,,False
mistral,6,person_timestep_lookup,12,0,unexplained,,False
mistral,6,trajectory,17,11,wrong_timestep,,False
mistral,6,person_timestep_lookup,9,1,wrong_person,doubled,True
mistral,6,trajectory,4,5,wrong_person,missed,True
mistral,6,person_timestep_lookup,6,14,stale,,True
mistral,6,trajectory,12,13,single_transfer,missed,False
mistral,6,person_timestep_lookup,5,0,stale,,True
mistral,6,trajectory,6,8,stale,doubled,True
mistral,6,person_timestep_lookup,10,2,unexplained,,False
mistral,6,trajectory,7,6,single_transfer,missed,False
mistral,6,person_timestep_lookup,10,13,stale,,True
mistral,6,trajectory,2,0,wrong_person,sign_flipped,True
mistral,6,trajectory,1,2,single_transfer,missed,False
mistral,6,person_timestep_lookup,2,7,wrong_person,,True
mistral,6,trajectory,1,0,stale,missed,True
mistral,6,person_timestep_lookup,8,1,stale,,True
mistral,6,trajectory,12,5,unexplained,,False
mistral,6,person_timestep_lookup,8,0,stale,sign_flipped,True
mistral,6,trajectory,8,12,wrong_timestep,,False
mistral,6,person_timestep_lookup,13,14,single_transfer,doubled,False
mistral,6,trajectory,3,7,stale,missed,True
mistral,6,person_timestep_lookup,1,4,stale,,True
mistral,6,person_timestep_lookup,5,17,stale,,True
mistral,6,trajectory,7,5,single_transfer,sign_flipped,False
mistral,6,person_timestep_lookup,1,3,stale,sign_flipped,True
mistral,6,person_timestep_lookup,30,11,single_transfer,missed,False
mistral,6,trajectory,3,1,wrong_person,sign_flipped,True
mistral,6,person_timestep_lookup,14,0,wrong_timestep,doubled,True
mistral,6,trajectory,10,5,stale,missed,True
mistral,6,person_timestep_lookup,8,11,stale,doubled,True
mistral,6,trajectory,0,6,single_transfer,missed,False
mistral,6,person_timestep_lookup,1,8,stale,missed,True
mistral,6,trajectory,13,6,single_transfer,missed,False
mistral,6,person_timestep_lookup,2,5,single_transfer,missed,False
mistral,6,trajectory,10,2,unexplained,,False
mistral,6,person_timestep_lookup,1,4,stale,,True
mistral,6,trajectory,9,14,stale,,True
mistral,6,trajectory,18,0,single_transfer,sign_flipped,False
mistral,6,person_timestep_lookup,14,0,wrong_person,sign_flipped,True
mistral,6,trajectory,0,7,wrong_person,,True
mistral,6,person_timestep_lookup,11,0,single_transfer,missed,False
mistral,6,trajectory,2,0,stale,missed,True
mistral,6,person_timestep_lookup,5,3,stale,,True
mistral,6,trajectory,13,5,unexplained,,False
mistral,6,person_timestep_lookup,9,3,stale,,True
mistral,6,trajectory,3,1,wrong_person,sign_flipped,True
mistral,6,person_timestep_lookup,10,3,wrong_timestep,missed,True
mistral,6,trajectory,2,4,wrong_timestep,sign_flipped,True
mistral,6,person_timestep_lookup,2,0,single_transfer,sign_flipped,False
mistral,6,trajectory,4,5,stale,missed,True
mistral,6,person_timestep_lookup,1,2,single_transfer,doubled,False
mistral,6,trajectory,5,6,single_transfer,missed,False
mistral,6,person_timestep_lookup,8,2,stale,,True
mistral,8,person_timestep_lookup,11,5,wrong_timestep,,False
mistral,8,trajectory,8,0,wrong_timestep,missed,True
mistral,8,person_timestep_lookup,8,2,wrong_person,sign_flipped,True
mistral,8,trajectory,3,0,unexplained,,False
mistral,8,person_timestep_lookup,6,0,wrong_timestep,,False
mistral,8,trajectory,5,6,stale,missed,True
mistral,8,person_timestep_lookup,3,0,stale,missed,True
mistral,8,trajectory,8,7,wrong_person,doubled,True
mistral,8,person_timestep_lookup,10,0,wrong_person,missed,True
mistral,8,trajectory,7,19,unexplained,,False
mistral,8,person_timestep_lookup,2,8,single_transfer,missed,False
mistral,8,trajectory,9,4,wrong_person,,True
mistral,8,person_timestep_lookup,14,1,wrong_person,missed,True
mistral,8,trajectory,6,0,wrong_person,sign_flipped,True
mistral,8,person_timestep_lookup,3,8,stale,,True
mistral,8,trajectory,2,3,wrong_person,doubled,True
mistral,8,person_timestep_lookup,10,6,single_transfer,sign_flipped,False
mistral,8,trajectory,5,9,stale,missed,True
mistral,8,person_timestep_lookup,6,3,wrong_person,doubled,True
mistral,8,trajectory,1,12,stale,,True
mistral,8,person_timestep_lookup,8,2,stale,sign_flipped,True
mistral,8,trajectory,5,3,single_transfer,sign_flipped,False
mistral,8,person_timestep_lookup,11,9,stale,,True
mistral,8,trajectory,5,2,stale,missed,True
mistral,8,person_timestep_lookup,8,12,stale,missed,True
mistral,8,trajectory,6,12,unexplained,,False
mistral,8,person_timestep_lookup,12,8,stale,sign_flipped,True
mistral,8,trajectory,8,0,stale,missed,True
mistral,8,person_timestep_lookup,7,1,wrong_person,,False
mistral,8,trajectory,0,1,wrong_person,doubled,True
mistral,8,person_timestep_lookup,13,8,single_transfer,doubled,False
mistral,8,trajectory,4,1,stale,missed,True
mistral,8,person_timestep_lookup,2,0,wrong_person,sign_flipped,True
mistral,8,trajectory,2,0,wrong_person,sign_flipped,True
mistral,8,person_timestep_lookup,3,0,stale,,True
mistral,8,trajectory,10,9,wrong_timestep,,False
mistral,8,person_timestep_lookup,11,8,unexplained,,False
mistral,8,trajectory,4,0,single_transfer,sign_flipped,False
mistral,8,person_timestep_lookup,8,5,stale,,True
mistral,8,trajectory,1,3,stale,,True
mistral,8,person_timestep_lookup,7,14,stale,,True
mistral,8,trajectory,6,0,wrong_person,sign_flipped,True
mistral,8,person_timestep_lookup,10,9,single_transfer,missed,False
mistral,8,trajectory,6,17,stale,,True
mistral,8,person_timestep_lookup,3,1,stale,sign_flipped,True
mistral,8,trajectory,27,5,unexplained,,False
mistral,8,person_timestep_lookup,4,13,stale,,True
mistral,8,trajectory,2,0,wrong_timestep,missed,True
mistral,8,person_timestep_lookup,5,10,stale,missed,True
mistral,8,trajectory,8,9,unexplained,,False
mistral,8,person_timestep_lookup,5,7,stale,missed,True
mistral,8,trajectory,17,12,wrong_timestep,,False
mistral,8,person_timestep_lookup,4,0,single_transfer,missed,False
mistral,8,trajectory,4,2,single_transfer,doubled,False
mistral,8,person_timestep_lookup,10,15,single_transfer,doubled,False
mistral,8,trajectory,8,5,unexplained,,False
mistral,8,person_timestep_lookup,18,0,unexplained,,False
mistral,8,trajectory,7,3,wrong_timestep,missed,True
mistral,10,person_timestep_lookup,3,0,stale,doubled,True
mistral,10,trajectory,10,0,unexplained,,False
mistral,10,person_timestep_lookup,13,22,unexplained,,False
mistral,10,trajectory,2,3,stale,missed,True
mistral,10,person_timestep_lookup,20,14,single_transfer,sign_flipped,False
mistral,10,person_timestep_lookup,3,9,stale,,True
mistral,10,trajectory,7,5,wrong_timestep,doubled,True
mistral,10,person_timestep_lookup,14,4,wrong_person,missed,True
mistral,10,trajectory,4,13,unexplained,,False
mistral,10,person_timestep_lookup,4,1,stale,,True
mistral,10,trajectory,12,9,single_transfer,doubled,False
mistral,10,person_timestep_lookup,2,1,stale,missed,True
mistral,10,person_timestep_lookup,6,12,single_transfer,missed,False
mistral,10,trajectory,7,3,single_transfer,sign_flipped,False
mistral,10,person_timestep_lookup,6,8,stale,,True
mistral,10,trajectory,7,12,stale,,True
mistral,10,person_timestep_lookup,13,0,single_transfer,doubled,False
mistral,10,person_timestep_lookup,10,3,stale,missed,True
mistral,10,trajectory,3,10,stale,,True
mistral,10,person_timestep_lookup,2,0,wrong_person,sign_flipped,True
mistral,10,trajectory,14,23,unexplained,,False
mistral,10,person_timestep_lookup,12,4,stale,missed,True
mistral,10,trajectory,5,2,unexplained,,False
mistral,10,person_timestep_lookup,7,2,stale,missed,True
mistral,10,trajectory,8,9,stale,missed,True
mistral,10,person_timestep_lookup,23,12,single_transfer,missed,False
mistral,10,trajectory,4,3,stale,missed,True
mistral,10,person_timestep_lookup,4,7,stale,missed,True
mistral,10,trajectory,1,2,stale,missed,True
mistral,10,person_timestep_lookup,25,5,wrong_timestep,sign_flipped,True
mistral,10,person_timestep_lookup,12,13,single_transfer,missed,False
mistral,10,trajectory,1,0,wrong_person,missed,True
mistral,10,person_timestep_lookup,7,1,stale,sign_flipped,True
mistral,10,trajectory,7,11,stale,missed,True
mistral,10,person_timestep_lookup,8,11,stale,,True
mistral,10,trajectory,3,2,wrong_person,doubled,True
mistral,10,person_timestep_lookup,22,3,unexplained,,False
mistral,10,person_timestep_lookup,21,7,unexplained,,False
mistral,10,trajectory,22,5,stale,,True
mistral,10,person_timestep_lookup,16,5,wrong_timestep,,False
mistral,10,trajectory,6,0,single_transfer,sign_flipped,False
mistral,10,person_timestep_lookup,3,2,stale,missed,True
mistral,10,trajectory,9,6,unexplained,,False
mistral,10,trajectory,4,6,unexplained,,False
mistral,10,person_timestep_lookup,7,3,wrong_timestep,doubled,True
mistral,10,trajectory,3,2,single_transfer,doubled,False
mistral,10,person_timestep_lookup,10,8,wrong_timestep,,False
mistral,10,trajectory,2,3,stale,,True
mistral,10,person_timestep_lookup,6,2,stale,,True
mistral,10,trajectory,4,14,wrong_timestep,,False
mistral,10,person_timestep_lookup,1,3,stale,missed,True
mistral,10,trajectory,15,9,unexplained,,False
mistral,10,person_timestep_lookup,1,0,wrong_person,doubled,True
mistral,10,trajectory,6,2,wrong_timestep,sign_flipped,True
mistral,12,person_timestep_lookup,10,6,single_transfer,missed,False
mistral,12,trajectory,5,2,stale,missed,True
mistral,12,person_timestep_lookup,1,2,stale,doubled,True
mistral,12,person_timestep_lookup,12,3,unexplained,,False
mistral,12,person_timestep_lookup,13,1,unexplained,,False
mistral,12,trajectory,6,7,stale,missed,True
mistral,12,person_timestep_lookup,1,3,wrong_person,sign_flipped,True
mistral,12,person_timestep_lookup,10,7,wrong_person,missed,True
mistral,12,trajectory,4,10,stale,,True
mistral,12,person_timestep_lookup,13,14,single_transfer,missed,False
mistral,12,person_timestep_lookup,2,1,stale,doubled,True
mistral,12,trajectory,1,4,stale,,True
mistral,12,person_timestep_lookup,12,0,single_transfer,sign_flipped,False
mistral,12,trajectory,3,13,stale,missed,True
mistral,12,person_timestep_lookup,2,6,single_transfer,sign_flipped,False
mistral,12,trajectory,11,2,unexplained,,False
mistral,12,person_timestep_lookup,3,9,stale,,True
mistral,12,person_timestep_lookup,2,0,wrong_timestep,sign_flipped,True
mistral,12,trajectory,15,16,stale,missed,True
mistral,12,person_timestep_lookup,7,0,unexplained,,False
mistral,12,person_timestep_lookup,10,5,wrong_timestep,,False
mistral,12,trajectory,4,17,stale,,True
mistral,12,person_timestep_lookup,4,3,wrong_person,missed,True
mistral,12,person_timestep_lookup,11,9,wrong_timestep,doubled,True
mistral,12,trajectory,15,6,stale,,True
mistral,12,person_timestep_lookup,34,5,unexplained,,False
mistral,12,trajectory,7,5,wrong_person,,True
mistral,12,person_timestep_lookup,5,9,stale,,True
mistral,12,trajectory,9,1,single_transfer,sign_flipped,False
mistral,12,person_timestep_lookup,12,14,single_transfer,sign_flipped,False
mistral,12,trajectory,8,12,wrong_person,doubled,True
mistral,12,person_timestep_lookup,18,12,stale,,True
mistral,12,trajectory,14,4,single_transfer,sign_flipped,False
mistral,12,person_timestep_lookup,2,0,wrong_person,sign_flipped,True
mistral,12,trajectory,6,2,unexplained,,False
mistral,12,person_timestep_lookup,1,0,stale,missed,True
mistral,12,trajectory,3,2,wrong_timestep,,False
mistral,12,person_timestep_lookup,8,21,stale,,True
mistral,12,trajectory,1,4,stale,,True
mistral,12,person_timestep_lookup,14,9,wrong_timestep,,False
mistral,12,trajectory,12,6,stale,,True
mistral,12,person_timestep_lookup,12,11,single_transfer,doubled,False
mistral,12,trajectory,8,9,wrong_timestep,missed,True
mistral,12,person_timestep_lookup,10,2,stale,,True
mistral,12,trajectory,2,1,stale,missed,True
mistral,12,person_timestep_lookup,26,6,unexplained,,False
mistral,12,trajectory,5,0,wrong_person,,False
mistral,12,person_timestep_lookup,2,1,stale,doubled,True
mistral,12,trajectory,5,1,wrong_person,sign_flipped,True
mistral,12,person_timestep_lookup,29,10,single_transfer,missed,False
mistral,12,trajectory,3,0,wrong_person,missed,True
mistral,16,person_timestep_lookup,0,1,wrong_person,,True
mistral,16,person_timestep_lookup,10,4,wrong_person,sign_flipped,True
mistral,16,person_timestep_lookup,10,0,single_transfer,sign_flipped,False
mistral,16,person_timestep_lookup,1,11,wrong_person,missed,True
mistral,16,trajectory,9,14,stale,,True
mistral,16,person_timestep_lookup,1,9,stale,,True
mistral,16,trajectory,8,9,stale,missed,True
mistral,16,person_timestep_lookup,14,4,single_transfer,sign_flipped,False
mistral,16,trajectory,14,3,unexplained,,False
mistral,16,person_timestep_lookup,2,7,stale,,True
mistral,16,person_timestep_lookup,24,3,unexplained,,False
mistral,16,trajectory,5,6,stale,missed,True
mistral,16,person_timestep_lookup,5,6,wrong_person,missed,True
mistral,16,person_timestep_lookup,2,22,wrong_person,sign_flipped,True
mistral,16,trajectory,6,1,wrong_timestep,,False
mistral,16,person_timestep_lookup,17,8,unexplained,,False
mistral,16,trajectory,4,2,wrong_person,sign_flipped,True
mistral,16,person_timestep_lookup,1,2,stale,missed,True
mistral,16,trajectory,1,7,stale,,True
mistral,16,person_timestep_lookup,14,8,stale,doubled,True
mistral,16,trajectory,2,1,wrong_person,missed,True
mistral,16,person_timestep_lookup,4,2,wrong_person,doubled,True
mistral,16,trajectory,6,5,wrong_timestep,missed,True
mistral,16,person_timestep_lookup,4,0,stale,,True
mistral,16,trajectory,2,0,stale,missed,True
mistral,16,person_timestep_lookup,3,4,stale,doubled,True
mistral,16,person_timestep_lookup,12,0,unexplained,,False
mistral,16,trajectory,6,9,wrong_person,,True
mistral,16,person_timestep_lookup,6,3,wrong_person,missed,True
mistral,16,trajectory,1,0,stale,missed,True
mistral,16,person_timestep_lookup,4,6,stale,missed,True
mistral,16,person_timestep_lookup,5,10,single_transfer,doubled,False
mistral,16,person_timestep_lookup,19,16,single_transfer,doubled,False
mistral,16,trajectory,16,17,stale,missed,True
mistral,16,person_timestep_lookup,10,16,wrong_timestep,sign_flipped,True
mistral,16,trajectory,4,8,wrong_person,,False
mistral,16,person_timestep_lookup,3,0,wrong_timestep,doubled,True
mistral,16,person_timestep_lookup,1,5,wrong_person,sign_flipped,True
mistral,16,trajectory,13,16,wrong_timestep,,False
mistral,16,person_timestep_lookup,10,11,single_transfer,missed,False
mistral,16,trajectory,7,6,unexplained,,False
mistral,16,person_timestep_lookup,2,3,stale,doubled,True
mistral,16,person_timestep_lookup,10,6,wrong_timestep,sign_flipped,True
mistral,16,person_timestep_lookup,14,8,stale,,True
mistral,16,trajectory,9,4,unexplained,,False
mistral,16,person_timestep_lookup,10,1,unexplained,,False
mistral,20,person_timestep_lookup,3,0,wrong_person,,True
mistral,20,person_timestep_lookup,5,9,stale,missed,True
mistral,20,trajectory,8,21,unexplained,,False
mistral,20,person_timestep_lookup,1,2,stale,doubled,True
mistral,20,trajectory,18,6,wrong_timestep,,False
mistral,20,person_timestep_lookup,6,19,stale,,True
mistral,20,person_timestep_lookup,16,11,unexplained,,False
mistral,20,trajectory,5,2,stale,,True
mistral,20,person_timestep_lookup,5,2,wrong_person,,True
mistral,20,person_timestep_lookup,10,0,wrong_person,missed,True
mistral,20,person_timestep_lookup,3,5,stale,missed,True
mistral,20,person_timestep_lookup,16,0,wrong_person,missed,True
mistral,20,trajectory,2,16,wrong_person,,True
mistral,20,person_timestep_lookup,15,32,unexplained,,False
mistral,20,trajectory,16,8,wrong_person,,False
mistral,20,person_timestep_lookup,3,1,wrong_person,doubled,True
mistral,20,trajectory,4,0,stale,,True
mistral,20,person_timestep_lookup,2,0,stale,sign_flipped,True
mistral,20,person_timestep_lookup,10,0,wrong_person,,True
mistral,20,trajectory,28,0,unexplained,,False
mistral,20,person_timestep_lookup,2,1,wrong_timestep,missed,True
mistral,20,person_timestep_lookup,11,1,stale,missed,True
mistral,20,trajectory,4,1,wrong_person,,True
mistral,20,person_timestep_lookup,3,9,stale,missed,True
mistral,20,person_timestep_lookup,17,13,unexplained,,False
mistral,20,trajectory,9,4,stale,missed,True
mistral,20,person_timestep_lookup,1,0,stale,doubled,True
mistral,20,trajectory,4,13,stale,missed,True
mistral,20,person_timestep_lookup,3,26,stale,,True
mistral,20,trajectory,3,1,wrong_person,sign_flipped,True
mistral,20,person_timestep_lookup,14,3,unexplained,,False
mistral,20,person_timestep_lookup,10,19,single_transfer,doubled,False
mistral,20,trajectory,24,21,unexplained,,False
mistral,20,person_timestep_lookup,10,2,single_transfer,sign_flipped,False
mistral,20,person_timestep_lookup,3,16,stale,,True
mistral,20,trajectory,5,2,wrong_person,,False
mistral,20,person_timestep_lookup,5,4,stale,,True
mistral,20,trajectory,21,20,unexplained,,False
mistral,20,person_timestep_lookup,4,9,wrong_person,,True
mistral,20,trajectory,1,0,stale,missed,True
mistral,20,person_timestep_lookup,3,7,stale,,True
mistral,20,person_timestep_lookup,14,0,wrong_timestep,sign_flipped,True
mistral,20,trajectory,9,7,unexplained,,False
mistral,20,person_timestep_lookup,21,1,wrong_person,,True
mistral,20,person_timestep_lookup,10,8,single_transfer,missed,False
mistral,20,trajectory,6,7,stale,missed,True
mistral,20,person_timestep_lookup,14,13,wrong_timestep,missed,True
mistral,24,person_timestep_lookup,2,4,stale,doubled,True
mistral,24,trajectory,1,0,stale,missed,True
mistral,24,person_timestep_lookup,5,1,wrong_person,missed,True
mistral,24,person_timestep_lookup,13,1,wrong_person,sign_flipped,True
mistral,24,trajectory,7,5,wrong_timestep,sign_flipped,True
mistral,24,person_timestep_lookup,1,3,stale,sign_flipped,True
mistral,24,trajectory,3,4,stale,missed,True
mistral,24,person_timestep_lookup,1,11,stale,sign_flipped,True
mistral,24,person_timestep_lookup,2,14,stale,sign_flipped,True
mistral,24,person_timestep_lookup,13,6,stale,,True
mistral,24,person_timestep_lookup,11,0,wrong_person,,False
mistral,24,person_timestep_lookup,11,4,wrong_person,,False
mistral,24,trajectory,4,1,stale,,True
mistral,24,person_timestep_lookup,11,0,unexplained,,False
mistral,24,person_timestep_lookup,19,9,unexplained,,False
mistral,24,person_timestep_lookup,3,12,stale,,True
mistral,24,person_timestep_lookup,1,2,wrong_person,missed,True
mistral,24,person_timestep_lookup,31,16,unexplained,,False
mistral,24,person_timestep_lookup,1,0,stale,missed,True
mistral,24,trajectory,12,4,wrong_person,missed,True
mistral,24,person_timestep_lookup,4,0,wrong_person,doubled,True
mistral,24,person_timestep_lookup,3,2,stale,doubled,True
mistral,24,trajectory,4,2,wrong_person,sign_flipped,True
mistral,24,person_timestep_lookup,17,3,single_transfer,sign_flipped,False
mistral,24,person_timestep_lookup,10,8,single_transfer,sign_flipped,False
mistral,24,person_timestep_lookup,1,0,stale,doubled,True
mistral,24,person_timestep_lookup,13,9,wrong_timestep,sign_flipped,True
mistral,24,person_timestep_lookup,1,0,wrong_person,missed,True
mistral,24,person_timestep_lookup,11,0,wrong_timestep,missed,True
mistral,24,trajectory,2,1,stale,doubled,True
mistral,24,person_timestep_lookup,10,5,stale,,True
mistral,24,person_timestep_lookup,13,3,single_transfer,sign_flipped,False
mistral,24,person_timestep_lookup,1,4,stale,,True
mistral,24,person_timestep_lookup,15,0,unexplained,,False
mistral,24,trajectory,3,0,wrong_person,,True
mistral,24,person_timestep_lookup,2,0,stale,sign_flipped,True
mistral,24,trajectory,7,3,wrong_person,,True
mistral,24,person_timestep_lookup,3,0,wrong_person,missed,True
mistral,30,person_timestep_lookup,2,4,stale,sign_flipped,True
mistral,30,trajectory,2,1,stale,missed,True
mistral,30,person_timestep_lookup,4,1,stale,missed,True
mistral,30,person_timestep_lookup,28,33,stale,missed,True
mistral,30,person_timestep_lookup,1,10,wrong_person,,True
mistral,30,trajectory,19,15,unexplained,,False
mistral,30,person_timestep_lookup,104,8,unexplained,,False
mistral,30,person_timestep_lookup,1,0,wrong_person,missed,True
mistral,30,person_timestep_lookup,4,0,stale,doubled,True
mistral,30,person_timestep_lookup,1,0,wrong_person,missed,True
mistral,30,trajectory,12,7,wrong_person,,False
mistral,30,person_timestep_lookup,1,0,wrong_person,doubled,True
mistral,30,person_timestep_lookup,1,3,stale,sign_flipped,True
mistral,30,person_timestep_lookup,6,7,wrong_person,doubled,True
mistral,30,person_timestep_lookup,13,1,wrong_timestep,sign_flipped,True
mistral,30,person_timestep_lookup,14,5,wrong_timestep,doubled,True
mistral,30,person_timestep_lookup,17,13,single_transfer,doubled,False
mistral,30,trajectory,2,0,wrong_person,sign_flipped,True
mistral,30,person_timestep_lookup,2,0,wrong_person,sign_flipped,True
mistral,30,person_timestep_lookup,1,0,stale,doubled,True
mistral,30,person_timestep_lookup,17,0,unexplained,,False
mistral,30,trajectory,6,5,wrong_person,,False
mistral,30,person_timestep_lookup,1,6,stale,missed,True
mistral,30,person_timestep_lookup,2,3,stale,doubled,True
mistral,30,person_timestep_lookup,4,0,stale,doubled,True
mistral,30,trajectory,7,1,wrong_person,sign_flipped,True
mistral,30,person_timestep_lookup,22,7,unexplained,,False
mistral,30,person_timestep_lookup,1,2,stale,doubled,True
mistral,30,person_timestep_lookup,22,6,stale,,True
mistral,30,person_timestep_lookup,54,1,unexplained,,False
mistral,30,person_timestep_lookup,2,0,wrong_person,sign_flipped,True
mistral,30,trajectory,12,0,unexplained,,False
mistral,30,person_timestep_lookup,1,0,wrong_person,doubled,True
mistral,30,person_timestep_lookup,1,6,wrong_person,doubled,True
mistral,30,person_timestep_lookup,26,5,wrong_person,,False
mistral,30,person_timestep_lookup,1,8,wrong_person,missed,True
olmo,2,person_timestep_lookup,5,2,single_transfer,missed,False
olmo,2,person_timestep_lookup,9,8,stale,doubled,True
olmo,2,trajectory,8,4,wrong_timestep,,False
olmo,2,person_timestep_lookup,6,8,single_transfer,missed,False
olmo,2,person_timestep_lookup,4,3,wrong_timestep,missed,True
olmo,2,trajectory,7,6,unexplained,,False
olmo,2,trajectory,8,5,unexplained,,False
olmo,2,person_timestep_lookup,7,1,unexplained,,False
olmo,2,trajectory,3,0,unexplained,,False
olmo,2,person_timestep_lookup,9,6,wrong_timestep,missed,True
olmo,2,trajectory,1,4,wrong_timestep,missed,True
olmo,2,person_timestep_lookup,8,10,wrong_timestep,sign_flipped,True
olmo,2,trajectory,9,1,wrong_person,sign_flipped,True
olmo,2,trajectory,8,2,wrong_person,sign_flipped,True
olmo,2,person_timestep_lookup,9,3,wrong_timestep,missed,True
olmo,2,trajectory,7,1,wrong_timestep,sign_flipped,True
olmo,2,person_timestep_lookup,4,0,single_transfer,sign_flipped,False
olmo,2,person_timestep_lookup,2,0,single_transfer,sign_flipped,False
olmo,2,trajectory,1,0,stale,missed,True
olmo,2,person_timestep_lookup,3,2,single_transfer,missed,False
olmo,2,trajectory,7,10,unexplained,,False
olmo,2,trajectory,10,8,wrong_timestep,doubled,True
olmo,2,person_timestep_lookup,4,3,unexplained,,False
olmo,2,trajectory,10,7,unexplained,,False
olmo,2,person_timestep_lookup,4,0,single_transfer,doubled,False
olmo,2,trajectory,14,0,unexplained,,False
olmo,2,person_timestep_lookup,10,9,single_transfer,missed,False
olmo,2,trajectory,8,3,wrong_timestep,missed,True
olmo,2,person_timestep_lookup,3,10,single_transfer,missed,False
olmo,2,trajectory,10,4,single_transfer,missed,False
olmo,2,person_timestep_lookup,10,4,single_transfer,missed,False
olmo,2,trajectory,7,4,unexplained,,False
olmo,2,person_timestep_lookup,5,9,unexplained,,False
olmo,2,person_timestep_lookup,8,9,single_transfer,missed,False
olmo,2,person_timestep_lookup,5,4,unexplained,,False
olmo,2,trajectory,6,4,stale,,True
olmo,2,trajectory,7,10,single_transfer,doubled,False
olmo,4,person_timestep_lookup,10,8,unexplained,,False
olmo,4,trajectory,3,4,unexplained,,False
olmo,4,person_timestep_lookup,4,5,single_transfer,missed,False
olmo,4,trajectory,14,0,wrong_person,,False
olmo,4,person_timestep_lookup,7,5,single_transfer,doubled,False
olmo,4,trajectory,14,9,unexplained,,False
olmo,4,person_timestep_lookup,7,1,single_transfer,missed,False
olmo,4,trajectory,11,0,unexplained,,False
olmo,4,person_timestep_lookup,20,10,unexplained,,False
olmo,4,person_timestep_lookup,2,3,wrong_timestep,missed,True
olmo,4,person_timestep_lookup,4,3,single_transfer,missed,False
olmo,4,trajectory,22,2,unexplained,,False
olmo,4,person_timestep_lookup,7,5,single_transfer,doubled,False
olmo,4,trajectory,5,6,wrong_timestep,,False
olmo,4,person_timestep_lookup,5,2,wrong_timestep,missed,True
olmo,4,trajectory,10,8,wrong_timestep,,False
olmo,4,person_timestep_lookup,9,1,wrong_person,,False
olmo,4,trajectory,6,2,unexplained,,False
olmo,4,person_timestep_lookup,5,4,wrong_timestep,missed,True
olmo,4,trajectory,4,0,wrong_timestep,,False
olmo,4,trajectory,6,7,single_transfer,missed,False
olmo,4,person_timestep_lookup,7,1,wrong_timestep,missed,True
olmo,4,person_timestep_lookup,1,0,stale,missed,True
olmo,4,trajectory,2,0,single_transfer,sign_flipped,False
olmo,4,person_timestep_lookup,3,1,wrong_person,sign_flipped,True
olmo,4,trajectory,3,2,wrong_timestep,doubled,True
olmo,4,person_timestep_lookup,9,5,unexplained,,False
olmo,4,trajectory,4,2,stale,,True
olmo,4,person_timestep_lookup,6,5,single_transfer,missed,False
olmo,4,trajectory,7,5,single_transfer,doubled,False
olmo,4,person_timestep_lookup,3,5,wrong_timestep,,False
olmo,4,person_timestep_lookup,8,1,wrong_person,,False
olmo,4,trajectory,10,6,wrong_person,doubled,True
olmo,4,person_timestep_lookup,4,1,single_transfer,missed,False
olmo,4,trajectory,16,14,unexplained,,False
olmo,4,person_timestep_lookup,9,8,wrong_person,doubled,True
olmo,4,person_timestep_lookup,16,5,unexplained,,False
olmo,4,trajectory,6,4,unexplained,,False
olmo,4,person_timestep_lookup,10,12,single_transfer,missed,False
olmo,4,trajectory,10,12,single_transfer,missed,False
olmo,4,person_timestep_lookup,7,12,unexplained,,False
olmo,4,trajectory,21,9,unexplained,,False
olmo,4,person_timestep_lookup,9,3,single_transfer,missed,False
olmo,4,trajectory,12,7,unexplained,,False
olmo,4,person_timestep_lookup,7,12,wrong_timestep,,False
olmo,4,trajectory,7,2,unexplained,,False
olmo,4,person_timestep_lookup,0,5,unexplained,,False
olmo,4,person_timestep_lookup,5,4,single_transfer,missed,False
olmo,6,person_timestep_lookup,25,3,unexplained,,False
olmo,6,person_timestep_lookup,5,0,wrong_person,missed,True
olmo,6,trajectory,16,17,single_transfer,doubled,False
olmo,6,person_timestep_lookup,7,1,wrong_person,doubled,True
olmo,6,trajectory,4,5,wrong_person,missed,True
olmo,6,person_timestep_lookup,13,14,wrong_timestep,missed,True
olmo,6,person_timestep_lookup,6,0,unexplained,,False
olmo,6,trajectory,10,7,wrong_timestep,missed,True
olmo,6,person_timestep_lookup,5,2,single_transfer,missed,False
olmo,6,person_timestep_lookup,15,13,single_transfer,doubled,False
olmo,6,trajectory,4,2,single_transfer,sign_flipped,False
olmo,6,person_timestep_lookup,4,7,unexplained,,False
olmo,6,person_timestep_lookup,9,1,wrong_timestep,missed,True
olmo,6,trajectory,23,5,single_transfer,sign_flipped,False
olmo,6,person_timestep_lookup,15,0,unexplained,,False
olmo,6,trajectory,2,12,unexplained,,False
olmo,6,person_timestep_lookup,15,14,wrong_timestep,missed,True
olmo,6,trajectory,11,1,unexplained,,False
olmo,6,person_timestep_lookup,9,4,unexplained,,False
olmo,6,trajectory,6,0,wrong_person,,False
olmo,6,person_timestep_lookup,5,17,stale,,True
olmo,6,trajectory,4,5,single_transfer,doubled,False
olmo,6,person_timestep_lookup,2,3,wrong_person,doubled,True
olmo,6,trajectory,16,11,unexplained,,False
olmo,6,person_timestep_lookup,33,11,unexplained,,False
olmo,6,person_timestep_lookup,15,0,unexplained,,False
olmo,6,person_timestep_lookup,5,11,wrong_person,missed,True
olmo,6,trajectory,15,3,unexplained,,False
olmo,6,person_timestep_lookup,15,4,unexplained,,False
olmo,6,trajectory,13,14,wrong_timestep,missed,True
olmo,6,trajectory,18,0,single_transfer,sign_flipped,False
olmo,6,person_timestep_lookup,10,0,single_transfer,sign_flipped,False
olmo,6,trajectory,4,0,unexplained,,False
olmo,6,person_timestep_lookup,16,0,single_transfer,missed,False
olmo,6,trajectory,3,0,wrong_person,,False
olmo,6,person_timestep_lookup,7,3,unexplained,,False
olmo,6,trajectory,10,5,single_transfer,missed,False
olmo,6,person_timestep_lookup,6,3,unexplained,,False
olmo,6,trajectory,3,2,wrong_timestep,missed,True
olmo,6,person_timestep_lookup,15,3,wrong_person,,False
olmo,6,person_timestep_lookup,5,0,unexplained,,False
olmo,6,person_timestep_lookup,15,2,wrong_timestep,,False
olmo,8,person_timestep_lookup,9,5,wrong_timestep,doubled,True
olmo,8,trajectory,10,7,wrong_timestep,,False
olmo,8,person_timestep_lookup,7,2,single_transfer,doubled,False
olmo,8,trajectory,3,0,unexplained,,False
olmo,8,person_timestep_lookup,6,0,wrong_timestep,,False
olmo,8,trajectory,8,7,wrong_person,doubled,True
olmo,8,person_timestep_lookup,10,0,wrong_person,missed,True
olmo,8,person_timestep_lookup,4,8,wrong_timestep,,False
olmo,8,trajectory,8,4,single_transfer,sign_flipped,False
olmo,8,person_timestep_lookup,5,1,wrong_person,sign_flipped,True
olmo,8,trajectory,6,0,wrong_person,sign_flipped,True
olmo,8,person_timestep_lookup,5,8,wrong_person,,True
olmo,8,person_timestep_lookup,9,6,stale,doubled,True
olmo,8,person_timestep_lookup,7,3,wrong_person,,False
olmo,8,person_timestep_lookup,5,2,wrong_timestep,doubled,True
olmo,8,person_timestep_lookup,10,9,single_transfer,doubled,False
olmo,8,trajectory,6,2,wrong_person,,True
olmo,8,person_timestep_lookup,5,12,wrong_person,doubled,True
olmo,8,person_timestep_lookup,23,8,unexplained,,False
olmo,8,person_timestep_lookup,21,1,single_transfer,sign_flipped,False
olmo,8,trajectory,7,1,wrong_person,,False
olmo,8,person_timestep_lookup,13,8,single_transfer,doubled,False
olmo,8,person_timestep_lookup,2,0,wrong_person,sign_flipped,True
olmo,8,person_timestep_lookup,10,0,wrong_timestep,,False
olmo,8,trajectory,15,9,single_transfer,sign_flipped,False
olmo,8,person_timestep_lookup,10,8,single_transfer,doubled,False
olmo,8,trajectory,4,0,single_transfer,sign_flipped,False
olmo,8,person_timestep_lookup,4,2,single_transfer,sign_flipped,False
olmo,8,person_timestep_lookup,15,5,unexplained,,False
olmo,8,trajectory,2,3,wrong_person,doubled,True
olmo,8,person_timestep_lookup,10,14,single_transfer,doubled,False
olmo,8,trajectory,6,3,wrong_timestep,,False
olmo,8,person_timestep_lookup,7,9,single_transfer,doubled,False
olmo,8,trajectory,11,6,wrong_timestep,,False
olmo,8,person_timestep_lookup,6,1,wrong_person,,False
olmo,8,trajectory,15,14,wrong_timestep,,False
olmo,8,person_timestep_lookup,5,13,unexplained,,False
olmo,8,person_timestep_lookup,8,10,wrong_person,missed,True
olmo,8,trajectory,10,12,stale,missed,True
olmo,8,person_timestep_lookup,15,0,wrong_timestep,,False
olmo,8,trajectory,4,2,single_transfer,doubled,False
olmo,8,person_timestep_lookup,14,15,wrong_timestep,missed,True
olmo,8,trajectory,7,5,wrong_timestep,,False
olmo,8,person_timestep_lookup,15,0,single_transfer,doubled,False
olmo,8,trajectory,7,5,wrong_person,sign_flipped,True
olmo,10,person_timestep_lookup,4,0,wrong_timestep,,False
olmo,10,trajectory,10,0,unexplained,,False
olmo,10,person_timestep_lookup,0,22,wrong_person,,True
olmo,10,person_timestep_lookup,6,14,single_transfer,sign_flipped,False
olmo,10,trajectory,5,0,wrong_person,,True
olmo,10,person_timestep_lookup,10,9,unexplained,,False
olmo,10,person_timestep_lookup,18,4,wrong_timestep,,False
olmo,10,trajectory,4,13,unexplained,,False
olmo,10,person_timestep_lookup,15,1,unexplained,,False
olmo,10,trajectory,8,9,unexplained,,False
olmo,10,person_timestep_lookup,3,1,wrong_person,sign_flipped,True
olmo,10,person_timestep_lookup,6,12,single_transfer,missed,False
olmo,10,trajectory,12,3,unexplained,,False
olmo,10,person_timestep_lookup,11,8,wrong_timestep,,False
olmo,10,trajectory,10,12,single_transfer,sign_flipped,False
olmo,10,person_timestep_lookup,14,0,single_transfer,sign_flipped,False
olmo,10,person_timestep_lookup,10,3,stale,missed,True
olmo,10,trajectory,7,10,wrong_timestep,missed,True
olmo,10,person_timestep_lookup,2,0,wrong_person,sign_flipped,True
olmo,10,person_timestep_lookup,0,4,wrong_person,,True
olmo,10,person_timestep_lookup,12,2,single_transfer,sign_flipped,False
olmo,10,person_timestep_lookup,14,12,single_transfer,sign_flipped,False
olmo,10,trajectory,5,4,wrong_person,,True
olmo,10,person_timestep_lookup,5,7,unexplained,,False
olmo,10,person_timestep_lookup,35,5,unexplained,,False
olmo,10,person_timestep_lookup,15,13,single_transfer,doubled,False
olmo,10,person_timestep_lookup,16,1,unexplained,,False
olmo,10,trajectory,15,10,unexplained,,False
olmo,10,person_timestep_lookup,14,3,unexplained,,False
olmo,10,person_timestep_lookup,21,7,unexplained,,False
olmo,10,person_timestep_lookup,7,5,single_transfer,sign_flipped,False
olmo,10,person_timestep_lookup,4,2,wrong_person,sign_flipped,True
olmo,10,person_timestep_lookup,0,1,wrong_person,missed,True
olmo,10,person_timestep_lookup,11,3,single_transfer,sign_flipped,False
olmo,10,trajectory,12,2,unexplained,,False
olmo,10,person_timestep_lookup,14,8,unexplained,,False
olmo,10,trajectory,6,2,wrong_person,,False
olmo,10,person_timestep_lookup,12,2,single_transfer,sign_flipped,False
olmo,10,trajectory,4,14,wrong_timestep,,False
olmo,10,person_timestep_lookup,5,3,wrong_timestep,doubled,True
olmo,10,person_timestep_lookup,9,0,unexplained,,False
olmo,12,person_timestep_lookup,9,6,single_transfer,missed,False
olmo,12,trajectory,8,2,single_transfer,sign_flipped,False
olmo,12,person_timestep_lookup,5,2,wrong_person,missed,True
olmo,12,trajectory,5,1,unexplained,,False
olmo,12,person_timestep_lookup,14,3,unexplained,,False
olmo,12,person_timestep_lookup,15,1,unexplained,,False
olmo,12,person_timestep_lookup,15,3,unexplained,,False
olmo,12,person_timestep_lookup,19,14,unexplained,,False
olmo,12,person_timestep_lookup,5,1,single_transfer,sign_flipped,False
olmo,12,trajectory,2,4,wrong_timestep,,False
olmo,12,person_timestep_lookup,15,0,unexplained,,False
olmo,12,trajectory,6,3,wrong_person,,False
olmo,12,person_timestep_lookup,0,6,wrong_person,sign_flipped,True
olmo,12,person_timestep_lookup,10,9,single_transfer,doubled,False
olmo,12,trajectory,4,3,wrong_person,,True
olmo,12,person_timestep_lookup,7,0,unexplained,,False
olmo,12,trajectory,3,1,single_transfer,missed,False
olmo,12,person_timestep_lookup,13,5,wrong_person,,False
olmo,12,person_timestep_lookup,6,3,wrong_timestep,,False
olmo,12,trajectory,11,13,single_transfer,missed,False
olmo,12,person_timestep_lookup,14,9,wrong_timestep,,False
olmo,12,person_timestep_lookup,0,5,wrong_person,doubled,True
olmo,12,person_timestep_lookup,15,9,single_transfer,missed,False
olmo,12,trajectory,9,1,single_transfer,sign_flipped,False
olmo,12,person_timestep_lookup,10,14,wrong_timestep,missed,True
olmo,12,person_timestep_lookup,19,12,wrong_timestep,,False
olmo,12,trajectory,14,4,single_transfer,sign_flipped,False
olmo,12,person_timestep_lookup,2,0,wrong_person,sign_flipped,True
olmo,12,person_timestep_lookup,15,21,unexplained,,False
olmo,12,trajectory,9,1,wrong_timestep,,False
olmo,12,person_timestep_lookup,14,9,wrong_timestep,,False
olmo,12,person_timestep_lookup,20,2,single_transfer,sign_flipped,False
olmo,12,person_timestep_lookup,26,6,unexplained,,False
olmo,12,trajectory,3,0,wrong_person,missed,True
olmo,12,person_timestep_lookup,9,1,wrong_person,sign_flipped,True
olmo,12,trajectory,5,1,wrong_person,sign_flipped,True
olmo,12,person_timestep_lookup,29,10,single_transfer,missed,False
olmo,16,person_timestep_lookup,0,1,wrong_person,,True
olmo,16,person_timestep_lookup,5,4,wrong_person,doubled,True
olmo,16,person_timestep_lookup,9,0,unexplained,,False
olmo,16,person_timestep_lookup,0,11,wrong_person,missed,True
olmo,16,person_timestep_lookup,4,9,unexplained,,False
olmo,16,trajectory,10,9,wrong_timestep,doubled,True
olmo,16,person_timestep_lookup,11,4,stale,,True
olmo,16,trajectory,16,3,wrong_person,,True
olmo,16,person_timestep_lookup,5,7,wrong_person,doubled,True
olmo,16,trajectory,16,17,stale,doubled,True
olmo,16,person_timestep_lookup,14,3,single_transfer,doubled,False
olmo,16,person_timestep_lookup,9,6,single_transfer,missed,False
olmo,16,person_timestep_lookup,0,22,wrong_person,,True
olmo,16,person_timestep_lookup,20,1,unexplained,,False
olmo,16,trajectory,6,1,wrong_timestep,,False
olmo,16,person_timestep_lookup,9,8,single_transfer,doubled,False
olmo,16,person_timestep_lookup,0,2,wrong_person,missed,True
olmo,16,trajectory,4,7,wrong_person,,True
olmo,16,person_timestep_lookup,25,8,unexplained,,False
olmo,16,person_timestep_lookup,5,2,single_transfer,missed,False
olmo,16,person_timestep_lookup,19,0,unexplained,,False
olmo,16,trajectory,5,0,wrong_person,,True
olmo,16,person_timestep_lookup,5,4,wrong_person,missed,True
olmo,16,person_timestep_lookup,11,0,unexplained,,False
olmo,16,person_timestep_lookup,5,3,wrong_person,sign_flipped,True
olmo,16,trajectory,4,1,wrong_person,,True
olmo,16,person_timestep_lookup,4,6,stale,missed,True
olmo,16,person_timestep_lookup,20,10,wrong_timestep,sign_flipped,True
olmo,16,trajectory,15,6,unexplained,,False
olmo,16,person_timestep_lookup,0,16,wrong_person,,True
olmo,16,trajectory,16,6,stale,,True
olmo,16,person_timestep_lookup,14,16,single_transfer,doubled,False
olmo,16,trajectory,4,3,wrong_person,,False
olmo,16,person_timestep_lookup,0,5,wrong_person,doubled,True
olmo,16,person_timestep_lookup,15,11,wrong_person,missed,True
olmo,16,trajectory,15,6,unexplained,,False
olmo,16,trajectory,5,10,wrong_timestep,,False
olmo,16,person_timestep_lookup,0,6,wrong_person,doubled,True
olmo,16,trajectory,10,7,wrong_person,doubled,True
olmo,16,person_timestep_lookup,14,8,stale,,True
olmo,16,person_timestep_lookup,7,1,wrong_timestep,missed,True
olmo,16,trajectory,8,4,wrong_person,,False
olmo,20,trajectory,19,4,wrong_timestep,,False
olmo,20,person_timestep_lookup,5,9,stale,missed,True
olmo,20,trajectory,6,21,wrong_person,,True
olmo,20,person_timestep_lookup,3,2,wrong_person,missed,True
olmo,20,trajectory,15,6,wrong_person,,True
olmo,20,person_timestep_lookup,8,19,wrong_person,,False
olmo,20,person_timestep_lookup,24,11,unexplained,,False
olmo,20,person_timestep_lookup,5,2,wrong_person,,True
olmo,20,person_timestep_lookup,10,0,wrong_person,missed,True
olmo,20,person_timestep_lookup,3,5,stale,missed,True
olmo,20,person_timestep_lookup,16,0,wrong_person,missed,True
olmo,20,trajectory,11,1,unexplained,,False
olmo,20,person_timestep_lookup,0,32,wrong_person,,True
olmo,20,person_timestep_lookup,9,1,single_transfer,sign_flipped,False
olmo,20,person_timestep_lookup,6,0,wrong_person,sign_flipped,True
olmo,20,person_timestep_lookup,3,1,stale,missed,True
olmo,20,person_timestep_lookup,11,1,stale,missed,True
olmo,20,trajectory,4,1,wrong_person,,True
olmo,20,person_timestep_lookup,3,9,stale,missed,True
olmo,20,trajectory,13,3,wrong_timestep,sign_flipped,True
olmo,20,person_timestep_lookup,9,13,wrong_timestep,sign_flipped,True
olmo,20,trajectory,8,4,wrong_timestep,,False
olmo,20,person_timestep_lookup,7,0,single_transfer,missed,False
olmo,20,person_timestep_lookup,14,26,wrong_timestep,sign_flipped,True
olmo,20,trajectory,3,1,wrong_person,sign_flipped,True
olmo,20,person_timestep_lookup,15,3,unexplained,,False
olmo,20,person_timestep_lookup,15,19,stale,missed,True
olmo,20,person_timestep_lookup,21,2,wrong_person,,False
olmo,20,trajectory,5,2,wrong_person,,False
olmo,20,person_timestep_lookup,5,4,stale,,True
olmo,20,trajectory,19,20,unexplained,,False
olmo,20,person_timestep_lookup,0,9,wrong_person,,True
olmo,20,person_timestep_lookup,0,7,wrong_person,,True
olmo,20,person_timestep_lookup,16,0,single_transfer,missed,False
olmo,20,trajectory,15,7,wrong_timestep,,False
olmo,20,person_timestep_lookup,0,1,wrong_person,missed,True
olmo,20,person_timestep_lookup,5,8,wrong_person,missed,True
olmo,20,person_timestep_lookup,15,13,stale,sign_flipped,True
olmo,24,person_timestep_lookup,22,0,wrong_person,,False
olmo,24,person_timestep_lookup,9,8,single_transfer,doubled,False
olmo,24,person_timestep_lookup,0,5,wrong_person,,True
olmo,24,person_timestep_lookup,2,0,stale,sign_flipped,True
qwen,2,person_timestep_lookup,4,2,single_transfer,doubled,False
qwen,2,trajectory,3,0,stale,missed,True
qwen,2,person_timestep_lookup,10,8,unexplained,,False
qwen,2,trajectory,15,4,unexplained,,False
qwen,2,person_timestep_lookup,4,8,single_transfer,missed,False
qwen,2,person_timestep_lookup,7,4,stale,missed,True
qwen,2,trajectory,4,0,single_transfer,missed,False
qwen,2,person_timestep_lookup,9,3,unexplained,,False
qwen,2,person_timestep_lookup,16,1,unexplained,,False
qwen,2,trajectory,3,0,unexplained,,False
qwen,2,person_timestep_lookup,5,6,unexplained,,False
qwen,2,trajectory,1,4,wrong_timestep,missed,True
qwen,2,person_timestep_lookup,9,10,single_transfer,missed,False
qwen,2,trajectory,4,0,single_transfer,sign_flipped,False
qwen,2,person_timestep_lookup,5,9,stale,missed,True
qwen,2,trajectory,9,1,wrong_person,sign_flipped,True
qwen,2,person_timestep_lookup,5,10,stale,missed,True
qwen,2,trajectory,0,10,wrong_person,sign_flipped,True
qwen,2,person_timestep_lookup,6,3,stale,doubled,True
qwen,2,person_timestep_lookup,2,0,stale,missed,True
qwen,2,person_timestep_lookup,2,0,single_transfer,sign_flipped,False
qwen,2,trajectory,2,0,single_transfer,sign_flipped,False
qwen,2,person_timestep_lookup,4,2,single_transfer,sign_flipped,False
qwen,2,trajectory,7,10,unexplained,,False
qwen,2,trajectory,10,8,wrong_timestep,doubled,True
qwen,2,person_timestep_lookup,11,3,unexplained,,False
qwen,2,trajectory,6,7,unexplained,,False
qwen,2,person_timestep_lookup,10,0,wrong_person,,False
qwen,2,trajectory,10,4,wrong_timestep,,False
qwen,2,person_timestep_lookup,3,5,single_transfer,doubled,False
qwen,2,trajectory,16,0,unexplained,,False
qwen,2,person_timestep_lookup,7,9,stale,,True
qwen,2,trajectory,0,1,single_transfer,missed,False
qwen,2,person_timestep_lookup,7,8,stale,missed,True
qwen,2,person_timestep_lookup,3,10,single_transfer,missed,False
qwen,2,trajectory,10,0,wrong_person,,False
qwen,2,person_timestep_lookup,6,4,stale,,True
qwen,2,trajectory,12,4,unexplained,,False
qwen,2,person_timestep_lookup,7,9,unexplained,,False
qwen,2,person_timestep_lookup,8,9,single_transfer,missed,False
qwen,2,trajectory,8,9,single_transfer,missed,False
qwen,2,person_timestep_lookup,6,4,stale,,True
qwen,2,trajectory,6,4,stale,,True
qwen,2,person_timestep_lookup,8,10,stale,missed,True
qwen,2,trajectory,7,10,single_transfer,doubled,False
qwen,4,person_timestep_lookup,12,8,single_transfer,doubled,False
qwen,4,trajectory,3,4,unexplained,,False
qwen,4,person_timestep_lookup,4,5,single_transfer,missed,False
qwen,4,trajectory,3,9,stale,,True
qwen,4,trajectory,14,9,unexplained,,False
qwen,4,person_timestep_lookup,5,1,wrong_person,missed,True
qwen,4,trajectory,6,0,stale,missed,True
qwen,4,person_timestep_lookup,15,10,single_transfer,doubled,False
qwen,4,person_timestep_lookup,4,3,single_transfer,missed,False
qwen,4,trajectory,4,7,single_transfer,missed,False
qwen,4,trajectory,20,2,single_transfer,sign_flipped,False
qwen,4,person_timestep_lookup,7,4,stale,missed,True
qwen,4,trajectory,10,4,single_transfer,sign_flipped,False
qwen,4,person_timestep_lookup,10,5,unexplained,,False
qwen,4,trajectory,3,6,single_transfer,missed,False
qwen,4,person_timestep_lookup,9,2,unexplained,,False
qwen,4,trajectory,10,8,wrong_timestep,,False
qwen,4,person_timestep_lookup,15,1,unexplained,,False
qwen,4,trajectory,8,7,unexplained,,False
qwen,4,trajectory,2,0,single_transfer,sign_flipped,False
qwen,4,person_timestep_lookup,4,5,single_transfer,doubled,False
qwen,4,trajectory,6,7,single_transfer,missed,False
qwen,4,trajectory,10,6,unexplained,,False
qwen,4,person_timestep_lookup,1,0,stale,missed,True
qwen,4,trajectory,17,0,unexplained,,False
qwen,4,trajectory,3,2,wrong_timestep,doubled,True
qwen,4,person_timestep_lookup,12,5,unexplained,,False
qwen,4,trajectory,4,2,stale,,True
qwen,4,person_timestep_lookup,6,5,single_transfer,missed,False
qwen,4,trajectory,6,5,single_transfer,missed,False
qwen,4,person_timestep_lookup,1,5,wrong_timestep,,False
qwen,4,trajectory,1,0,wrong_person,missed,True
qwen,4,trajectory,6,8,wrong_timestep,,False
qwen,4,person_timestep_lookup,4,1,single_transfer,missed,False
qwen,4,trajectory,0,14,wrong_timestep,missed,True
qwen,4,person_timestep_lookup,13,8,unexplained,,False
qwen,4,trajectory,8,10,unexplained,,False
qwen,4,person_timestep_lookup,16,5,unexplained,,False
qwen,4,trajectory,5,1,single_transfer,sign_flipped,False
qwen,4,person_timestep_lookup,9,12,single_transfer,missed,False
qwen,4,trajectory,9,12,single_transfer,missed,False
qwen,4,person_timestep_lookup,4,12,single_transfer,missed,False
qwen,4,trajectory,21,9,unexplained,,False
qwen,4,person_timestep_lookup,10,3,single_transfer,missed,False
qwen,4,trajectory,6,7,single_transfer,doubled,False
qwen,4,person_timestep_lookup,2,12,wrong_person,,False
qwen,4,trajectory,5,2,wrong_person,missed,True
qwen,4,person_timestep_lookup,10,5,unexplained,,False
qwen,4,trajectory,9,1,wrong_person,sign_flipped,True
qwen,4,person_timestep_lookup,5,4,single_transfer,missed,False
qwen,4,trajectory,0,7,single_transfer,missed,False
qwen,6,person_timestep_lookup,17,3,stale,missed,True
qwen,6,trajectory,14,1,unexplained,,False
qwen,6,person_timestep_lookup,10,0,single_transfer,sign_flipped,False
qwen,6,trajectory,9,11,single_transfer,missed,False
qwen,6,person_timestep_lookup,10,1,single_transfer,missed,False
qwen,6,trajectory,4,5,wrong_person,missed,True
qwen,6,person_timestep_lookup,13,14,wrong_timestep,missed,True
qwen,6,trajectory,12,0,single_transfer,sign_flipped,False
qwen,6,person_timestep_lookup,3,0,wrong_person,,False
qwen,6,trajectory,10,8,wrong_timestep,missed,True
qwen,6,person_timestep_lookup,5,2,single_transfer,missed,False
qwen,6,trajectory,15,6,unexplained,,False
qwen,6,person_timestep_lookup,12,13,single_transfer,missed,False
qwen,6,trajectory,8,2,unexplained,,False
qwen,6,person_timestep_lookup,8,7,wrong_person,missed,True
qwen,6,trajectory,2,0,wrong_person,sign_flipped,True
qwen,6,person_timestep_lookup,8,1,stale,,True
qwen,6,trajectory,14,5,single_transfer,missed,False
qwen,6,person_timestep_lookup,11,0,wrong_person,,True
qwen,6,trajectory,2,12,unexplained,,False
qwen,6,person_timestep_lookup,11,14,single_transfer,missed,False
qwen,6,trajectory,9,7,wrong_timestep,,False
qwen,6,person_timestep_lookup,10,4,unexplained,,False
qwen,6,trajectory,5,0,wrong_person,,True
qwen,6,person_timestep_lookup,2,17,wrong_person,missed,True
qwen,6,trajectory,2,3,stale,doubled,True
qwen,6,person_timestep_lookup,4,3,single_transfer,missed,False
qwen,6,trajectory,10,11,single_transfer,doubled,False
qwen,6,person_timestep_lookup,44,11,unexplained,,False
qwen,6,trajectory,3,1,wrong_person,sign_flipped,True
qwen,6,person_timestep_lookup,25,0,unexplained,,False
qwen,6,trajectory,15,5,single_transfer,sign_flipped,False
qwen,6,person_timestep_lookup,10,11,unexplained,,False
qwen,6,trajectory,15,6,unexplained,,False
qwen,6,person_timestep_lookup,1,8,stale,missed,True
qwen,6,trajectory,13,3,unexplained,,False
qwen,6,person_timestep_lookup,4,5,wrong_person,doubled,True
qwen,6,trajectory,4,7,stale,doubled,True
qwen,6,person_timestep_lookup,10,4,unexplained,,False
qwen,6,trajectory,13,14,wrong_timestep,missed,True
qwen,6,trajectory,18,0,single_transfer,sign_flipped,False
qwen,6,person_timestep_lookup,11,0,unexplained,,False
qwen,6,trajectory,6,0,wrong_person,sign_flipped,True
qwen,6,person_timestep_lookup,16,0,single_transfer,missed,False
qwen,6,trajectory,4,0,single_transfer,sign_flipped,False
qwen,6,person_timestep_lookup,5,3,stale,,True
qwen,6,trajectory,11,5,unexplained,,False
qwen,6,person_timestep_lookup,11,3,single_transfer,missed,False
qwen,6,trajectory,3,1,wrong_person,sign_flipped,True
qwen,6,person_timestep_lookup,15,3,wrong_person,,False
qwen,6,trajectory,1,2,stale,missed,True
qwen,6,person_timestep_lookup,3,0,wrong_person,doubled,True
qwen,6,trajectory,4,5,stale,missed,True
qwen,6,person_timestep_lookup,6,2,unexplained,,False
qwen,6,trajectory,5,6,single_transfer,missed,False
qwen,6,person_timestep_lookup,11,2,unexplained,,False
qwen,6,trajectory,13,0,wrong_person,,False
qwen,8,person_timestep_lookup,10,5,single_transfer,missed,False
qwen,8,trajectory,10,7,wrong_timestep,,False
qwen,8,person_timestep_lookup,11,2,unexplained,,False
qwen,8,trajectory,3,0,unexplained,,False
qwen,8,person_timestep_lookup,5,0,stale,missed,True
qwen,8,person_timestep_lookup,2,0,wrong_timestep,,False
qwen,8,trajectory,8,7,wrong_person,doubled,True
qwen,8,person_timestep_lookup,10,0,wrong_person,missed,True
qwen,8,trajectory,3,19,wrong_timestep,,False
qwen,8,trajectory,8,4,single_transfer,sign_flipped,False
qwen,8,person_timestep_lookup,15,1,unexplained,,False
qwen,8,trajectory,5,0,wrong_person,,False
qwen,8,person_timestep_lookup,5,8,wrong_person,,True
qwen,8,trajectory,2,3,wrong_person,doubled,True
qwen,8,person_timestep_lookup,7,6,single_transfer,missed,False
qwen,8,trajectory,8,9,wrong_person,,True
qwen,8,person_timestep_lookup,11,3,unexplained,,False
qwen,8,trajectory,1,12,stale,,True
qwen,8,person_timestep_lookup,11,2,unexplained,,False
qwen,8,person_timestep_lookup,8,9,single_transfer,missed,False
qwen,8,trajectory,8,2,single_transfer,sign_flipped,False
qwen,8,person_timestep_lookup,8,12,stale,missed,True
qwen,8,trajectory,16,12,unexplained,,False
qwen,8,person_timestep_lookup,10,8,wrong_person,missed,True
qwen,8,trajectory,16,0,single_transfer,sign_flipped,False
qwen,8,person_timestep_lookup,15,1,unexplained,,False
qwen,8,trajectory,5,1,wrong_person,missed,True
qwen,8,person_timestep_lookup,12,8,single_transfer,doubled,False
qwen,8,trajectory,4,1,stale,missed,True
qwen,8,person_timestep_lookup,8,0,wrong_person,,False
qwen,8,trajectory,2,0,wrong_person,sign_flipped,True
qwen,8,person_timestep_lookup,15,0,unexplained,,False
qwen,8,trajectory,10,9,wrong_timestep,,False
qwen,8,person_timestep_lookup,11,8,unexplained,,False
qwen,8,trajectory,4,0,single_transfer,sign_flipped,False
qwen,8,trajectory,2,0,wrong_person,sign_flipped,True
qwen,8,person_timestep_lookup,8,5,stale,,True
qwen,8,trajectory,2,3,wrong_person,doubled,True
qwen,8,person_timestep_lookup,11,14,unexplained,,False
qwen,8,trajectory,0,3,wrong_person,,True
qwen,8,person_timestep_lookup,11,9,single_transfer,sign_flipped,False
qwen,8,trajectory,13,14,unexplained,,False
qwen,8,person_timestep_lookup,6,13,wrong_person,,False
qwen,8,trajectory,3,1,wrong_timestep,missed,True
qwen,8,person_timestep_lookup,5,10,stale,missed,True
qwen,8,trajectory,12,11,unexplained,,False
qwen,8,person_timestep_lookup,5,7,stale,missed,True
qwen,8,trajectory,10,12,stale,missed,True
qwen,8,person_timestep_lookup,15,0,wrong_timestep,,False
qwen,8,trajectory,4,2,single_transfer,doubled,False
qwen,8,person_timestep_lookup,11,15,wrong_timestep,sign_flipped,True
qwen,8,trajectory,6,5,wrong_timestep,doubled,True
qwen,8,person_timestep_lookup,24,0,unexplained,,False
qwen,8,trajectory,7,5,wrong_person,sign_flipped,True
qwen,10,person_timestep_lookup,3,0,stale,doubled,True
qwen,10,trajectory,6,0,wrong_person,,False
qwen,10,person_timestep_lookup,26,22,single_transfer,doubled,False
qwen,10,trajectory,3,2,wrong_person,,True
qwen,10,person_timestep_lookup,15,14,wrong_timestep,missed,True
qwen,10,trajectory,6,0,wrong_person,,False
qwen,10,person_timestep_lookup,5,9,wrong_person,sign_flipped,True
qwen,10,trajectory,5,8,stale,,True
qwen,10,person_timestep_lookup,13,4,unexplained,,False
qwen,10,person_timestep_lookup,2,1,wrong_person,missed,True
qwen,10,trajectory,10,9,unexplained,,False
qwen,10,person_timestep_lookup,2,1,stale,missed,True
qwen,10,trajectory,2,0,wrong_person,sign_flipped,True
qwen,10,trajectory,7,3,single_transfer,sign_flipped,False
qwen,10,person_timestep_lookup,6,8,stale,,True
qwen,10,trajectory,7,12,stale,,True
qwen,10,person_timestep_lookup,15,0,wrong_timestep,missed,True
qwen,10,trajectory,2,0,wrong_person,sign_flipped,True
qwen,10,trajectory,7,10,wrong_timestep,missed,True
qwen,10,person_timestep_lookup,2,0,wrong_person,sign_flipped,True
qwen,10,trajectory,12,13,stale,missed,True
qwen,10,person_timestep_lookup,11,4,wrong_timestep,,False
qwen,10,trajectory,5,2,unexplained,,False
qwen,10,person_timestep_lookup,7,2,stale,missed,True
qwen,10,trajectory,11,8,unexplained,,False
qwen,10,person_timestep_lookup,13,12,single_transfer,doubled,False
qwen,10,trajectory,3,4,wrong_person,,True
qwen,10,person_timestep_lookup,4,7,stale,missed,True
qwen,10,trajectory,4,2,wrong_timestep,,False
qwen,10,person_timestep_lookup,29,5,single_transfer,missed,False
qwen,10,trajectory,3,0,unexplained,,False
qwen,10,person_timestep_lookup,11,13,wrong_timestep,missed,True
qwen,10,trajectory,1,0,wrong_person,missed,True
qwen,10,person_timestep_lookup,10,1,wrong_timestep,,False
qwen,10,trajectory,7,11,stale,missed,True
qwen,10,trajectory,3,2,wrong_person,doubled,True
qwen,10,person_timestep_lookup,12,3,single_transfer,missed,False
qwen,10,trajectory,2,3,wrong_timestep,doubled,True
qwen,10,person_timestep_lookup,21,7,unexplained,,False
qwen,10,trajectory,6,5,wrong_person,,False
qwen,10,person_timestep_lookup,13,5,wrong_person,,False
qwen,10,trajectory,6,0,single_transfer,sign_flipped,False
qwen,10,person_timestep_lookup,4,2,wrong_person,sign_flipped,True
qwen,10,trajectory,5,6,wrong_person,missed,True
qwen,10,person_timestep_lookup,3,1,stale,,True
qwen,10,trajectory,5,6,unexplained,,False
qwen,10,person_timestep_lookup,7,3,wrong_timestep,doubled,True
qwen,10,trajectory,11,2,unexplained,,False
qwen,10,person_timestep_lookup,4,8,wrong_timestep,missed,True
qwen,10,trajectory,3,2,wrong_timestep,,False
qwen,10,person_timestep_lookup,7,2,single_transfer,missed,False
qwen,10,trajectory,5,14,wrong_person,,False
qwen,10,person_timestep_lookup,5,3,wrong_timestep,doubled,True
qwen,10,trajectory,8,9,single_transfer,missed,False
qwen,10,person_timestep_lookup,11,0,wrong_person,,False
qwen,10,trajectory,5,2,wrong_person,,True
qwen,12,person_timestep_lookup,4,6,wrong_person,sign_flipped,True
qwen,12,trajectory,8,2,single_transfer,sign_flipped,False
qwen,12,person_timestep_lookup,3,2,wrong_timestep,missed,True
qwen,12,trajectory,3,1,single_transfer,sign_flipped,False
qwen,12,person_timestep_lookup,12,3,unexplained,,False
qwen,12,trajectory,14,15,wrong_timestep,missed,True
qwen,12,person_timestep_lookup,11,1,wrong_timestep,,False
qwen,12,trajectory,8,7,wrong_timestep,doubled,True
qwen,12,person_timestep_lookup,11,3,unexplained,,False
qwen,12,trajectory,4,5,stale,missed,True
qwen,12,person_timestep_lookup,13,7,single_transfer,sign_flipped,False
qwen,12,person_timestep_lookup,13,14,single_transfer,missed,False
qwen,12,trajectory,8,4,wrong_person,,False
qwen,12,trajectory,2,4,wrong_timestep,,False
qwen,12,person_timestep_lookup,10,0,unexplained,,False
qwen,12,person_timestep_lookup,31,6,unexplained,,False
qwen,12,trajectory,8,2,wrong_person,,False
qwen,12,person_timestep_lookup,10,9,single_transfer,doubled,False
qwen,12,trajectory,4,3,wrong_person,,True
qwen,12,person_timestep_lookup,3,0,wrong_person,doubled,True
qwen,12,person_timestep_lookup,11,0,single_transfer,doubled,False
qwen,12,trajectory,3,1,single_transfer,missed,False
qwen,12,person_timestep_lookup,11,5,wrong_timestep,doubled,True
qwen,12,trajectory,5,17,wrong_person,,False
qwen,12,person_timestep_lookup,4,3,wrong_person,missed,True
qwen,12,trajectory,7,13,wrong_timestep,,False
qwen,12,person_timestep_lookup,11,9,wrong_timestep,doubled,True
qwen,12,person_timestep_lookup,30,5,unexplained,,False
qwen,12,trajectory,7,0,wrong_person,,True
qwen,12,person_timestep_lookup,1,9,unexplained,,False
qwen,12,trajectory,9,1,single_transfer,sign_flipped,False
qwen,12,person_timestep_lookup,10,14,wrong_timestep,missed,True
qwen,12,trajectory,23,24,unexplained,,False
qwen,12,person_timestep_lookup,5,0,wrong_person,,True
qwen,12,person_timestep_lookup,8,12,wrong_timestep,sign_flipped,True
qwen,12,person_timestep_lookup,4,0,wrong_person,sign_flipped,True
qwen,12,person_timestep_lookup,1,0,stale,missed,True
qwen,12,trajectory,4,2,unexplained,,False
qwen,12,person_timestep_lookup,8,21,stale,,True
qwen,12,trajectory,2,4,wrong_timestep,,False
qwen,12,person_timestep_lookup,14,9,wrong_timestep,,False
qwen,12,person_timestep_lookup,10,11,wrong_timestep,missed,True
qwen,12,trajectory,8,9,wrong_timestep,missed,True
qwen,12,person_timestep_lookup,11,2,wrong_timestep,missed,True
qwen,12,person_timestep_lookup,31,6,unexplained,,False
qwen,12,trajectory,5,0,wrong_person,,False
qwen,12,person_timestep_lookup,11,1,wrong_person,,False
qwen,12,trajectory,5,1,wrong_person,sign_flipped,True
qwen,12,person_timestep_lookup,28,10,unexplained,,False
qwen,12,trajectory,2,0,stale,,True
qwen,16,person_timestep_lookup,8,1,unexplained,,False
qwen,16,trajectory,3,1,wrong_person,sign_flipped,True
qwen,16,person_timestep_lookup,5,4,wrong_person,doubled,True
qwen,16,trajectory,8,0,stale,missed,True
qwen,16,person_timestep_lookup,10,0,single_transfer,sign_flipped,False
qwen,16,trajectory,8,2,single_transfer,sign_flipped,False
qwen,16,person_timestep_lookup,1,9,stale,,True
qwen,16,person_timestep_lookup,15,4,unexplained,,False
qwen,16,trajectory,10,11,wrong_timestep,,False
qwen,16,person_timestep_lookup,12,7,unexplained,,False
qwen,16,person_timestep_lookup,15,3,wrong_person,,True
qwen,16,trajectory,5,6,stale,missed,True
qwen,16,person_timestep_lookup,5,6,wrong_person,missed,True
qwen,16,trajectory,26,18,unexplained,,False
qwen,16,person_timestep_lookup,1,22,stale,,True
qwen,16,person_timestep_lookup,11,1,wrong_person,,False
qwen,16,trajectory,3,1,wrong_timestep,doubled,True
qwen,16,person_timestep_lookup,11,8,wrong_person,,False
qwen,16,trajectory,4,2,wrong_person,sign_flipped,True
qwen,16,person_timestep_lookup,13,2,unexplained,,False
qwen,16,trajectory,0,7,wrong_person,missed,True
qwen,16,person_timestep_lookup,11,8,single_transfer,doubled,False
qwen,16,trajectory,1,7,stale,,True
qwen,16,person_timestep_lookup,4,2,wrong_person,doubled,True
qwen,16,person_timestep_lookup,3,0,wrong_person,missed,True
qwen,16,trajectory,5,2,wrong_person,missed,True
qwen,16,person_timestep_lookup,3,4,stale,doubled,True
qwen,16,trajectory,3,1,wrong_person,missed,True
qwen,16,person_timestep_lookup,10,0,unexplained,,False
qwen,16,person_timestep_lookup,4,3,wrong_timestep,missed,True
qwen,16,trajectory,3,1,wrong_person,,True
qwen,16,person_timestep_lookup,4,6,stale,missed,True
qwen,16,person_timestep_lookup,5,10,single_transfer,doubled,False
qwen,16,trajectory,16,6,stale,missed,True
qwen,16,person_timestep_lookup,15,16,wrong_timestep,doubled,True
qwen,16,trajectory,27,17,unexplained,,False
qwen,16,person_timestep_lookup,10,16,wrong_timestep,sign_flipped,True
qwen,16,trajectory,3,8,stale,,True
qwen,16,person_timestep_lookup,10,0,single_transfer,missed,False
qwen,16,trajectory,4,8,wrong_person,sign_flipped,True
qwen,16,person_timestep_lookup,11,5,single_transfer,sign_flipped,False
qwen,16,trajectory,12,8,wrong_person,sign_flipped,True
qwen,16,trajectory,12,4,unexplained,,False
qwen,16,person_timestep_lookup,2,3,stale,doubled,True
qwen,16,person_timestep_lookup,10,6,wrong_timestep,sign_flipped,True
qwen,16,trajectory,4,7,stale,missed,True
qwen,16,person_timestep_lookup,10,8,wrong_person,,True
qwen,16,trajectory,10,4,wrong_person,,True
qwen,16,person_timestep_lookup,10,1,unexplained,,False
qwen,20,person_timestep_lookup,1,0,stale,doubled,True
qwen,20,trajectory,17,20,stale,missed,True
qwen,20,person_timestep_lookup,5,9,stale,missed,True
qwen,20,trajectory,8,21,unexplained,,False
qwen,20,trajectory,26,6,single_transfer,sign_flipped,False
qwen,20,person_timestep_lookup,8,19,wrong_person,,False
qwen,20,trajectory,4,9,wrong_timestep,,False
qwen,20,person_timestep_lookup,25,11,unexplained,,False
qwen,20,person_timestep_lookup,11,2,unexplained,,False
qwen,20,person_timestep_lookup,15,0,wrong_timestep,missed,True
qwen,20,trajectory,5,3,wrong_person,,True
qwen,20,person_timestep_lookup,3,5,stale,missed,True
qwen,20,trajectory,5,10,stale,missed,True
qwen,20,person_timestep_lookup,11,0,wrong_person,missed,True
qwen,20,trajectory,12,1,unexplained,,False
qwen,20,person_timestep_lookup,11,32,wrong_person,,False
qwen,20,trajectory,12,8,wrong_person,,False
qwen,20,person_timestep_lookup,11,1,wrong_person,,True
qwen,20,trajectory,1,0,wrong_person,missed,True
qwen,20,person_timestep_lookup,10,0,wrong_person,,False
qwen,20,trajectory,5,6,wrong_person,,True
qwen,20,person_timestep_lookup,10,0,wrong_person,,True
qwen,20,trajectory,28,0,unexplained,,False
qwen,20,person_timestep_lookup,2,1,wrong_timestep,missed,True
qwen,20,trajectory,2,1,stale,doubled,True
qwen,20,person_timestep_lookup,3,9,stale,missed,True
qwen,20,trajectory,11,3,wrong_timestep,sign_flipped,True
qwen,20,person_timestep_lookup,15,13,single_transfer,sign_flipped,False
qwen,20,trajectory,12,4,wrong_timestep,,False
qwen,20,person_timestep_lookup,4,0,wrong_person,sign_flipped,True
qwen,20,trajectory,4,13,stale,missed,True
qwen,20,person_timestep_lookup,11,26,unexplained,,False
qwen,20,trajectory,3,1,wrong_person,sign_flipped,True
qwen,20,person_timestep_lookup,1,3,wrong_person,sign_flipped,True
qwen,20,person_timestep_lookup,1,19,wrong_person,sign_flipped,True
qwen,20,trajectory,13,22,wrong_person,,False
qwen,20,person_timestep_lookup,11,2,wrong_person,doubled,True
qwen,20,trajectory,8,11,wrong_person,,False
qwen,20,person_timestep_lookup,11,16,wrong_timestep,missed,True
qwen,20,person_timestep_lookup,5,4,stale,,True
qwen,20,person_timestep_lookup,2,9,stale,,True
qwen,20,trajectory,1,0,stale,missed,True
qwen,20,person_timestep_lookup,25,7,unexplained,,False
qwen,20,trajectory,18,4,wrong_timestep,sign_flipped,True
qwen,20,person_timestep_lookup,10,0,wrong_person,,False
qwen,20,trajectory,9,7,unexplained,,False
qwen,20,person_timestep_lookup,2,1,wrong_person,doubled,True
qwen,20,trajectory,2,4,stale,missed,True
qwen,20,person_timestep_lookup,10,8,single_transfer,missed,False
qwen,20,person_timestep_lookup,17,13,unexplained,,False
qwen,24,person_timestep_lookup,1,4,wrong_person,doubled,True
qwen,24,person_timestep_lookup,2,1,wrong_person,doubled,True
qwen,24,trajectory,7,5,wrong_timestep,sign_flipped,True
qwen,24,person_timestep_lookup,1,3,stale,sign_flipped,True
qwen,24,trajectory,2,1,stale,,True
qwen,24,person_timestep_lookup,10,0,single_transfer,sign_flipped,False
qwen,24,trajectory,4,0,wrong_person,sign_flipped,True
qwen,24,person_timestep_lookup,13,14,wrong_timestep,missed,True
qwen,24,trajectory,2,3,wrong_person,doubled,True
qwen,24,person_timestep_lookup,13,6,stale,,True
qwen,24,person_timestep_lookup,10,0,unexplained,,False
qwen,24,trajectory,11,13,wrong_person,,False
qwen,24,person_timestep_lookup,10,4,single_transfer,sign_flipped,False
qwen,24,trajectory,6,1,wrong_person,,False
qwen,24,person_timestep_lookup,10,0,wrong_timestep,sign_flipped,True
qwen,24,person_timestep_lookup,10,9,stale,doubled,True
qwen,24,person_timestep_lookup,3,12,stale,,True
qwen,24,trajectory,11,0,unexplained,,False
qwen,24,person_timestep_lookup,15,2,wrong_timestep,,False
qwen,24,person_timestep_lookup,22,16,single_transfer,sign_flipped,False
qwen,24,trajectory,0,1,wrong_person,missed,True
qwen,24,person_timestep_lookup,3,0,wrong_person,,True
qwen,24,trajectory,18,4,wrong_person,,False
qwen,24,person_timestep_lookup,8,0,wrong_person,missed,True
qwen,24,person_timestep_lookup,14,2,single_transfer,doubled,False
qwen,24,trajectory,6,2,wrong_person,,True
qwen,24,person_timestep_lookup,11,3,wrong_person,sign_flipped,True
qwen,24,trajectory,10,0,wrong_person,sign_flipped,True
qwen,24,person_timestep_lookup,11,8,wrong_person,doubled,True
qwen,24,person_timestep_lookup,1,0,stale,doubled,True
qwen,24,trajectory,1,0,stale,doubled,True
qwen,24,person_timestep_lookup,11,9,wrong_person,missed,True
qwen,24,trajectory,4,2,wrong_person,sign_flipped,True
qwen,24,person_timestep_lookup,1,0,wrong_person,missed,True
qwen,24,trajectory,2,8,stale,,True
qwen,24,person_timestep_lookup,12,0,wrong_person,doubled,True
qwen,24,person_timestep_lookup,15,5,wrong_timestep,,False
qwen,24,trajectory,10,6,wrong_timestep,doubled,True
qwen,24,person_timestep_lookup,10,3,single_transfer,missed,False
qwen,24,trajectory,0,1,wrong_person,doubled,True
qwen,24,person_timestep_lookup,1,4,stale,,True
qwen,24,trajectory,4,6,wrong_timestep,,False
qwen,24,person_timestep_lookup,11,0,wrong_timestep,missed,True
qwen,24,trajectory,2,0,stale,sign_flipped,True
qwen,24,person_timestep_lookup,2,0,stale,sign_flipped,True
qwen,24,person_timestep_lookup,10,0,wrong_person,,False
qwen,24,trajectory,4,3,wrong_person,,True
qwen,30,person_timestep_lookup,3,4,wrong_person,doubled,True
qwen,30,trajectory,10,4,wrong_timestep,sign_flipped,True
qwen,30,person_timestep_lookup,10,6,wrong_person,,True
qwen,30,trajectory,2,1,stale,missed,True
qwen,30,person_timestep_lookup,3,1,wrong_person,,False
qwen,30,trajectory,3,2,wrong_person,missed,True
qwen,30,person_timestep_lookup,12,33,wrong_timestep,,False
qwen,30,person_timestep_lookup,12,10,single_transfer,missed,False
qwen,30,trajectory,20,15,wrong_timestep,,False
qwen,30,person_timestep_lookup,21,8,wrong_timestep,doubled,True
qwen,30,person_timestep_lookup,5,0,wrong_timestep,doubled,True
qwen,30,trajectory,18,9,unexplained,,False
qwen,30,person_timestep_lookup,5,0,wrong_person,,True
qwen,30,person_timestep_lookup,10,0,wrong_person,doubled,True
qwen,30,person_timestep_lookup,11,0,wrong_timestep,,False
qwen,30,person_timestep_lookup,1,3,stale,sign_flipped,True
qwen,30,trajectory,10,16,wrong_person,sign_flipped,True
qwen,30,person_timestep_lookup,11,7,single_transfer,missed,False
qwen,30,person_timestep_lookup,11,1,wrong_timestep,sign_flipped,True
qwen,30,person_timestep_lookup,12,5,wrong_person,missed,True
qwen,30,trajectory,5,6,wrong_person,doubled,True
qwen,30,trajectory,2,0,wrong_person,sign_flipped,True
qwen,30,person_timestep_lookup,3,0,stale,doubled,True
qwen,30,person_timestep_lookup,1,0,stale,doubled,True
qwen,30,person_timestep_lookup,11,0,wrong_person,doubled,True
qwen,30,trajectory,4,5,wrong_person,,True
qwen,30,person_timestep_lookup,1,6,stale,missed,True
qwen,30,person_timestep_lookup,10,0,wrong_person,missed,True
qwen,30,person_timestep_lookup,22,7,unexplained,,False
qwen,30,person_timestep_lookup,1,2,stale,doubled,True
qwen,30,person_timestep_lookup,28,6,unexplained,,False
qwen,30,person_timestep_lookup,21,1,wrong_timestep,missed,True
qwen,30,trajectory,2,5,wrong_person,,True
qwen,30,person_timestep_lookup,11,0,wrong_timestep,,False
qwen,30,person_timestep_lookup,3,0,wrong_person,doubled,True
qwen,30,person_timestep_lookup,3,6,wrong_timestep,doubled,True
qwen,30,person_timestep_lookup,2,5,wrong_timestep,,False
qwen,30,trajectory,1,0,stale,missed,True
qwen,30,person_timestep_lookup,1,8,wrong_person,missed,True
